OrderID,CustomerName,ProductCategory,Price,Quantity,Discount,OrderDate,TotalAmount,FinalAmount,OrderSize
1001,David,Home,357.21,4,0.1,2026-01-01 00:00:00,1428.84,1285.96,Large
1002,Alice,Toys,177.48,8,0.0,2026-01-01 01:00:00,1419.84,1419.84,Large
1003,Alice,Electronics,80.89,10,0.0,2026-01-01 02:00:00,808.9,808.9,Large
1004,Bob,Home,125.65,7,0.0,2026-01-01 03:00:00,879.55,879.55,Large
1005,Bob,Sports,462.21,6,0.0,2026-01-01 04:00:00,2773.26,2773.26,Large
1006,Eve,Sports,248.98,2,0.0,2026-01-01 05:00:00,497.96,497.96,Standard
1007,Alice,Electronics,136.45,8,0.2,2026-01-01 06:00:00,1091.6,873.28,Large
1008,Alice,Toys,39.28,4,0.15,2026-01-01 07:00:00,157.12,133.55,Standard
1009,Charlie,Sports,261.68,8,0.0,2026-01-01 08:00:00,2093.44,2093.44,Large
1010,Frank,Sports,195.59,10,0.15,2026-01-01 09:00:00,1955.9,1662.52,Large
1011,Alice,Sports,167.95,9,0.2,2026-01-01 10:00:00,1511.55,1209.24,Large
1012,Charlie,Toys,139.18,9,0.2,2026-01-01 11:00:00,1252.62,1002.1,Large
1013,Bob,Sports,155.5,4,0.15,2026-01-01 12:00:00,622.0,528.7,Large
1014,Alice,Toys,29.55,9,0.0,2026-01-01 13:00:00,265.95,265.95,Standard
1015,Bob,Home,199.25,4,0.1,2026-01-01 14:00:00,797.0,717.3,Large
1016,David,Home,481.27,8,0.1,2026-01-01 15:00:00,3850.16,3465.14,Large
1017,David,Home,225.72,1,0.15,2026-01-01 16:00:00,225.72,191.86,Standard
1018,Frank,Toys,64.38,2,0.0,2026-01-01 17:00:00,128.76,128.76,Standard
1019,David,Toys,194.13,7,0.0,2026-01-01 18:00:00,1358.91,1358.91,Large
1020,Bob,Home,313.3,3,0.1,2026-01-01 19:00:00,939.9,845.91,Large
1021,David,Home,174.52,2,0.15,2026-01-01 20:00:00,349.04,296.68,Standard
1022,Charlie,Clothing,311.38,3,0.15,2026-01-01 21:00:00,934.14,794.02,Large
1023,Eve,Sports,417.39,2,0.1,2026-01-01 22:00:00,834.78,751.3,Large
1024,Alice,Toys,470.78,6,0.15,2026-01-01 23:00:00,2824.68,2400.98,Large
1025,Bob,Electronics,264.62,4,0.0,2026-01-02 00:00:00,1058.48,1058.48,Large
1026,Eve,Toys,14.53,2,0.2,2026-01-02 01:00:00,29.06,23.25,Standard
1027,Frank,Toys,242.63,2,0.15,2026-01-02 02:00:00,485.26,412.47,Standard
1028,Alice,Home,85.58,4,0.2,2026-01-02 03:00:00,342.32,273.86,Standard
1029,Eve,Clothing,205.65,1,0.0,2026-01-02 04:00:00,205.65,205.65,Standard
1030,Bob,Clothing,307.34,7,0.2,2026-01-02 05:00:00,2151.38,1721.1,Large
1031,Alice,Toys,13.58,2,0.2,2026-01-02 06:00:00,27.16,21.73,Standard
1032,Alice,Electronics,86.95,5,0.0,2026-01-02 07:00:00,434.75,434.75,Standard
1033,David,Electronics,224.01,4,0.0,2026-01-02 08:00:00,896.04,896.04,Large
1034,Eve,Sports,16.9,7,0.15,2026-01-02 09:00:00,118.3,100.55,Standard
1035,Bob,Home,396.81,6,0.0,2026-01-02 10:00:00,2380.86,2380.86,Large
1036,Alice,Home,292.15,8,0.0,2026-01-02 11:00:00,2337.2,2337.2,Large
1037,Charlie,Toys,114.94,7,0.0,2026-01-02 12:00:00,804.58,804.58,Large
1038,Alice,Clothing,116.16,9,0.1,2026-01-02 13:00:00,1045.44,940.9,Large
1039,Eve,Electronics,13.17,7,0.2,2026-01-02 14:00:00,92.19,73.75,Standard
1040,Bob,Sports,277.33,1,0.0,2026-01-02 15:00:00,277.33,277.33,Standard
1041,David,Sports,302.28,7,0.0,2026-01-02 16:00:00,2115.96,2115.96,Large
1042,Alice,Sports,465.32,10,0.0,2026-01-02 17:00:00,4653.2,4653.2,Large
1043,Bob,Sports,402.72,8,0.0,2026-01-02 18:00:00,3221.76,3221.76,Large
1044,Eve,Toys,61.12,9,0.1,2026-01-02 19:00:00,550.08,495.07,Standard
1045,Eve,Sports,344.57,5,0.0,2026-01-02 20:00:00,1722.85,1722.85,Large
1046,Bob,Clothing,277.71,7,0.15,2026-01-02 21:00:00,1943.97,1652.37,Large
1047,Bob,Home,234.38,8,0.1,2026-01-02 22:00:00,1875.04,1687.54,Large
1048,Eve,Toys,277.74,1,0.1,2026-01-02 23:00:00,277.74,249.97,Standard
1049,Bob,Electronics,250.85,8,0.0,2026-01-03 00:00:00,2006.8,2006.8,Large
1050,Eve,Electronics,228.16,3,0.2,2026-01-03 01:00:00,684.48,547.58,Large
1051,Frank,Toys,94.39,10,0.0,2026-01-03 02:00:00,943.9,943.9,Large
1052,David,Home,254.47,7,0.1,2026-01-03 03:00:00,1781.29,1603.16,Large
1053,Bob,Toys,290.38,7,0.0,2026-01-03 04:00:00,2032.66,2032.66,Large
1054,Alice,Home,484.53,6,0.15,2026-01-03 05:00:00,2907.18,2471.1,Large
1055,Bob,Clothing,201.69,1,0.1,2026-01-03 06:00:00,201.69,181.52,Standard
1056,Alice,Toys,145.42,5,0.2,2026-01-03 07:00:00,727.1,581.68,Large
1057,Frank,Clothing,309.76,4,0.0,2026-01-03 08:00:00,1239.04,1239.04,Large
1058,Charlie,Toys,480.57,7,0.0,2026-01-03 09:00:00,3363.99,3363.99,Large
1059,Alice,Toys,448.7,4,0.0,2026-01-03 10:00:00,1794.8,1794.8,Large
1060,Frank,Toys,331.74,7,0.15,2026-01-03 11:00:00,2322.18,1973.85,Large
1061,Bob,Sports,16.4,9,0.0,2026-01-03 12:00:00,147.6,147.6,Standard
1062,David,Sports,492.16,5,0.0,2026-01-03 13:00:00,2460.8,2460.8,Large
1063,Alice,Sports,154.0,4,0.1,2026-01-03 14:00:00,616.0,554.4,Large
1064,Bob,Electronics,469.51,8,0.0,2026-01-03 15:00:00,3756.08,3756.08,Large
1065,Bob,Toys,447.28,8,0.2,2026-01-03 16:00:00,3578.24,2862.59,Large
1066,Eve,Home,409.36,10,0.0,2026-01-03 17:00:00,4093.6,4093.6,Large
1067,Eve,Electronics,63.42,10,0.0,2026-01-03 18:00:00,634.2,634.2,Large
1068,David,Home,280.3,4,0.1,2026-01-03 19:00:00,1121.2,1009.08,Large
1069,Frank,Electronics,192.69,4,0.15,2026-01-03 20:00:00,770.76,655.15,Large
1070,Charlie,Clothing,106.28,5,0.0,2026-01-03 21:00:00,531.4,531.4,Large
1071,Frank,Sports,70.69,1,0.15,2026-01-03 22:00:00,70.69,60.09,Standard
1072,David,Sports,288.52,10,0.0,2026-01-03 23:00:00,2885.2,2885.2,Large
1073,Charlie,Sports,152.61,9,0.1,2026-01-04 00:00:00,1373.49,1236.14,Large
1074,Charlie,Electronics,26.28,1,0.15,2026-01-04 01:00:00,26.28,22.34,Standard
1075,Alice,Home,129.53,3,0.1,2026-01-04 02:00:00,388.59,349.73,Standard
1076,David,Electronics,313.56,4,0.0,2026-01-04 03:00:00,1254.24,1254.24,Large
1077,Charlie,Home,374.69,7,0.15,2026-01-04 04:00:00,2622.83,2229.41,Large
1078,Eve,Sports,249.01,4,0.15,2026-01-04 05:00:00,996.04,846.63,Large
1079,Bob,Clothing,429.59,10,0.1,2026-01-04 06:00:00,4295.9,3866.31,Large
1080,Frank,Toys,455.06,4,0.15,2026-01-04 07:00:00,1820.24,1547.2,Large
1081,Bob,Electronics,198.43,10,0.0,2026-01-04 08:00:00,1984.3,1984.3,Large
1082,Alice,Home,328.41,3,0.1,2026-01-04 09:00:00,985.23,886.71,Large
1083,Frank,Toys,229.65,5,0.15,2026-01-04 10:00:00,1148.25,976.01,Large
1084,David,Clothing,489.45,1,0.0,2026-01-04 11:00:00,489.45,489.45,Standard
1085,Eve,Home,189.94,5,0.2,2026-01-04 12:00:00,949.7,759.76,Large
1086,Bob,Toys,113.28,5,0.2,2026-01-04 13:00:00,566.4,453.12,Standard
1087,Charlie,Sports,190.31,6,0.0,2026-01-04 14:00:00,1141.86,1141.86,Large
1088,Alice,Electronics,127.41,5,0.0,2026-01-04 15:00:00,637.05,637.05,Large
1089,Eve,Sports,165.67,3,0.2,2026-01-04 16:00:00,497.01,397.61,Standard
1090,Alice,Toys,131.9,8,0.0,2026-01-04 17:00:00,1055.2,1055.2,Large
1091,Charlie,Sports,184.46,6,0.1,2026-01-04 18:00:00,1106.76,996.08,Large
1092,Charlie,Home,494.14,2,0.15,2026-01-04 19:00:00,988.28,840.04,Large
1093,Bob,Sports,47.02,10,0.0,2026-01-04 20:00:00,470.2,470.2,Standard
1094,Eve,Electronics,57.69,10,0.0,2026-01-04 21:00:00,576.9,576.9,Large
1095,Frank,Toys,403.9,7,0.1,2026-01-04 22:00:00,2827.3,2544.57,Large
1096,David,Clothing,108.04,1,0.0,2026-01-04 23:00:00,108.04,108.04,Standard
1097,Frank,Electronics,367.5,4,0.1,2026-01-05 00:00:00,1470.0,1323.0,Large
1098,Frank,Home,437.28,10,0.0,2026-01-05 01:00:00,4372.8,4372.8,Large
1099,Eve,Clothing,226.42,4,0.0,2026-01-05 02:00:00,905.68,905.68,Large
1100,Frank,Electronics,479.59,3,0.1,2026-01-05 03:00:00,1438.77,1294.89,Large
1101,Frank,Clothing,471.99,5,0.1,2026-01-05 04:00:00,2359.95,2123.95,Large
1102,Frank,Home,52.45,1,0.2,2026-01-05 05:00:00,52.45,41.96,Standard
1103,Bob,Electronics,22.69,3,0.0,2026-01-05 06:00:00,68.07,68.07,Standard
1104,David,Toys,443.09,1,0.2,2026-01-05 07:00:00,443.09,354.47,Standard
1105,David,Sports,266.32,5,0.1,2026-01-05 08:00:00,1331.6,1198.44,Large
1106,Alice,Toys,70.94,5,0.1,2026-01-05 09:00:00,354.7,319.23,Standard
1107,Alice,Toys,326.85,8,0.2,2026-01-05 10:00:00,2614.8,2091.84,Large
1108,Bob,Clothing,305.76,3,0.0,2026-01-05 11:00:00,917.28,917.28,Large
1109,David,Toys,447.39,3,0.1,2026-01-05 12:00:00,1342.17,1207.95,Large
1110,Charlie,Toys,200.67,7,0.0,2026-01-05 13:00:00,1404.69,1404.69,Large
1111,Bob,Sports,335.44,2,0.2,2026-01-05 14:00:00,670.88,536.7,Large
1112,Frank,Electronics,117.99,7,0.1,2026-01-05 15:00:00,825.93,743.34,Large
1113,Eve,Clothing,146.87,6,0.15,2026-01-05 16:00:00,881.22,749.04,Large
1114,Eve,Electronics,210.54,1,0.1,2026-01-05 17:00:00,210.54,189.49,Standard
1115,David,Sports,450.81,4,0.2,2026-01-05 18:00:00,1803.24,1442.59,Large
1116,Eve,Home,264.06,2,0.2,2026-01-05 19:00:00,528.12,422.5,Standard
1117,Eve,Home,296.91,10,0.2,2026-01-05 20:00:00,2969.1,2375.28,Large
1118,David,Home,108.24,5,0.1,2026-01-05 21:00:00,541.2,487.08,Standard
1119,David,Home,75.21,1,0.1,2026-01-05 22:00:00,75.21,67.69,Standard
1120,Eve,Toys,473.63,9,0.0,2026-01-05 23:00:00,4262.67,4262.67,Large
1121,Alice,Electronics,446.04,10,0.0,2026-01-06 00:00:00,4460.4,4460.4,Large
1122,David,Home,315.06,2,0.2,2026-01-06 01:00:00,630.12,504.1,Large
1123,Alice,Home,247.71,10,0.2,2026-01-06 02:00:00,2477.1,1981.68,Large
1124,Bob,Home,120.81,1,0.2,2026-01-06 03:00:00,120.81,96.65,Standard
1125,Eve,Toys,144.51,4,0.0,2026-01-06 04:00:00,578.04,578.04,Large
1126,Eve,Clothing,325.68,7,0.0,2026-01-06 05:00:00,2279.76,2279.76,Large
1127,Frank,Home,50.65,1,0.0,2026-01-06 06:00:00,50.65,50.65,Standard
1128,Bob,Home,488.42,2,0.0,2026-01-06 07:00:00,976.84,976.84,Large
1129,Eve,Toys,201.83,6,0.0,2026-01-06 08:00:00,1210.98,1210.98,Large
1130,Bob,Electronics,109.68,9,0.15,2026-01-06 09:00:00,987.12,839.05,Large
1131,David,Toys,45.72,2,0.15,2026-01-06 10:00:00,91.44,77.72,Standard
1132,Charlie,Clothing,54.57,2,0.2,2026-01-06 11:00:00,109.14,87.31,Standard
1133,Eve,Home,319.29,3,0.0,2026-01-06 12:00:00,957.87,957.87,Large
1134,Eve,Clothing,266.02,5,0.1,2026-01-06 13:00:00,1330.1,1197.09,Large
1135,Eve,Electronics,127.96,3,0.0,2026-01-06 14:00:00,383.88,383.88,Standard
1136,Bob,Sports,463.3,5,0.0,2026-01-06 15:00:00,2316.5,2316.5,Large
1137,David,Toys,98.36,3,0.15,2026-01-06 16:00:00,295.08,250.82,Standard
1138,Bob,Electronics,103.23,8,0.15,2026-01-06 17:00:00,825.84,701.96,Large
1139,Frank,Electronics,353.49,1,0.0,2026-01-06 18:00:00,353.49,353.49,Standard
1140,Eve,Clothing,277.49,10,0.0,2026-01-06 19:00:00,2774.9,2774.9,Large
1141,Charlie,Toys,445.55,4,0.15,2026-01-06 20:00:00,1782.2,1514.87,Large
1142,David,Electronics,323.9,4,0.0,2026-01-06 21:00:00,1295.6,1295.6,Large
1143,Frank,Electronics,81.31,1,0.0,2026-01-06 22:00:00,81.31,81.31,Standard
1144,David,Toys,376.68,7,0.15,2026-01-06 23:00:00,2636.76,2241.25,Large
1145,Alice,Home,279.93,2,0.1,2026-01-07 00:00:00,559.86,503.87,Large
1146,Eve,Electronics,142.09,3,0.15,2026-01-07 01:00:00,426.27,362.33,Standard
1147,David,Electronics,466.73,8,0.2,2026-01-07 02:00:00,3733.84,2987.07,Large
1148,Frank,Home,439.08,9,0.0,2026-01-07 03:00:00,3951.72,3951.72,Large
1149,David,Sports,286.26,2,0.15,2026-01-07 04:00:00,572.52,486.64,Standard
1150,Frank,Sports,13.95,9,0.15,2026-01-07 05:00:00,125.55,106.72,Standard
1151,Eve,Electronics,105.72,10,0.0,2026-01-07 06:00:00,1057.2,1057.2,Large
1152,Eve,Clothing,254.52,5,0.0,2026-01-07 07:00:00,1272.6,1272.6,Large
1153,Frank,Toys,432.15,7,0.0,2026-01-07 08:00:00,3025.05,3025.05,Large
1154,Charlie,Clothing,85.51,1,0.1,2026-01-07 09:00:00,85.51,76.96,Standard
1155,Alice,Toys,339.68,10,0.1,2026-01-07 10:00:00,3396.8,3057.12,Large
1156,David,Electronics,84.67,5,0.0,2026-01-07 11:00:00,423.35,423.35,Standard
1157,David,Sports,477.6,6,0.2,2026-01-07 12:00:00,2865.6,2292.48,Large
1158,Bob,Toys,83.2,2,0.15,2026-01-07 13:00:00,166.4,141.44,Standard
1159,David,Sports,344.62,2,0.2,2026-01-07 14:00:00,689.24,551.39,Large
1160,Charlie,Home,68.35,5,0.2,2026-01-07 15:00:00,341.75,273.4,Standard
1161,Bob,Sports,23.29,8,0.1,2026-01-07 16:00:00,186.32,167.69,Standard
1162,Eve,Sports,482.39,2,0.1,2026-01-07 17:00:00,964.78,868.3,Large
1163,Eve,Home,292.18,2,0.2,2026-01-07 18:00:00,584.36,467.49,Standard
1164,Frank,Home,83.81,5,0.15,2026-01-07 19:00:00,419.05,356.19,Standard
1165,Bob,Electronics,476.87,10,0.2,2026-01-07 20:00:00,4768.7,3814.96,Large
1166,Eve,Home,425.96,7,0.1,2026-01-07 21:00:00,2981.72,2683.55,Large
1167,Frank,Sports,168.73,6,0.15,2026-01-07 22:00:00,1012.38,860.52,Large
1168,David,Toys,73.96,8,0.0,2026-01-07 23:00:00,591.68,591.68,Large
1169,Charlie,Home,332.48,5,0.15,2026-01-08 00:00:00,1662.4,1413.04,Large
1170,Frank,Toys,31.59,4,0.0,2026-01-08 01:00:00,126.36,126.36,Standard
1171,Alice,Electronics,161.16,2,0.0,2026-01-08 02:00:00,322.32,322.32,Standard
1172,David,Home,40.35,5,0.0,2026-01-08 03:00:00,201.75,201.75,Standard
1173,Bob,Home,345.03,8,0.0,2026-01-08 04:00:00,2760.24,2760.24,Large
1174,Frank,Sports,17.21,6,0.15,2026-01-08 05:00:00,103.26,87.77,Standard
1175,Frank,Electronics,436.11,9,0.0,2026-01-08 06:00:00,3924.99,3924.99,Large
1176,David,Toys,462.05,9,0.2,2026-01-08 07:00:00,4158.45,3326.76,Large
1177,David,Toys,127.78,2,0.1,2026-01-08 08:00:00,255.56,230.0,Standard
1178,Bob,Home,167.13,5,0.2,2026-01-08 09:00:00,835.65,668.52,Large
1179,Alice,Electronics,340.99,1,0.0,2026-01-08 10:00:00,340.99,340.99,Standard
1180,Charlie,Toys,341.66,5,0.1,2026-01-08 11:00:00,1708.3,1537.47,Large
1181,David,Toys,379.9,2,0.2,2026-01-08 12:00:00,759.8,607.84,Large
1182,Bob,Toys,377.8,5,0.1,2026-01-08 13:00:00,1889.0,1700.1,Large
1183,David,Sports,468.31,3,0.2,2026-01-08 14:00:00,1404.93,1123.94,Large
1184,Alice,Home,41.86,4,0.2,2026-01-08 15:00:00,167.44,133.95,Standard
1185,Bob,Home,184.48,2,0.1,2026-01-08 16:00:00,368.96,332.06,Standard
1186,Charlie,Toys,174.5,10,0.2,2026-01-08 17:00:00,1745.0,1396.0,Large
1187,Alice,Toys,377.11,4,0.2,2026-01-08 18:00:00,1508.44,1206.75,Large
1188,Charlie,Toys,80.6,6,0.0,2026-01-08 19:00:00,483.6,483.6,Standard
1189,Bob,Electronics,490.36,1,0.0,2026-01-08 20:00:00,490.36,490.36,Standard
1190,Alice,Home,131.69,2,0.1,2026-01-08 21:00:00,263.38,237.04,Standard
1191,David,Toys,270.58,3,0.0,2026-01-08 22:00:00,811.74,811.74,Large
1192,Bob,Clothing,148.99,9,0.1,2026-01-08 23:00:00,1340.91,1206.82,Large
1193,Frank,Home,59.16,10,0.0,2026-01-09 00:00:00,591.6,591.6,Large
1194,Alice,Sports,63.29,3,0.0,2026-01-09 01:00:00,189.87,189.87,Standard
1195,David,Clothing,454.45,5,0.1,2026-01-09 02:00:00,2272.25,2045.03,Large
1196,Frank,Clothing,38.03,3,0.1,2026-01-09 03:00:00,114.09,102.68,Standard
1197,Charlie,Toys,351.43,10,0.0,2026-01-09 04:00:00,3514.3,3514.3,Large
1198,Eve,Electronics,366.04,1,0.0,2026-01-09 05:00:00,366.04,366.04,Standard
1199,Alice,Sports,92.53,9,0.0,2026-01-09 06:00:00,832.77,832.77,Large
1200,Frank,Home,281.25,4,0.0,2026-01-09 07:00:00,1125.0,1125.0,Large
1201,David,Sports,44.03,9,0.15,2026-01-09 08:00:00,396.27,336.83,Standard
1202,Alice,Toys,392.29,2,0.1,2026-01-09 09:00:00,784.58,706.12,Large
1203,Frank,Electronics,348.97,10,0.15,2026-01-09 10:00:00,3489.7,2966.25,Large
1204,David,Sports,322.41,1,0.0,2026-01-09 11:00:00,322.41,322.41,Standard
1205,Alice,Home,243.22,9,0.1,2026-01-09 12:00:00,2188.98,1970.08,Large
1206,Eve,Home,315.24,9,0.1,2026-01-09 13:00:00,2837.16,2553.44,Large
1207,Frank,Clothing,112.67,7,0.15,2026-01-09 14:00:00,788.69,670.39,Large
1208,Eve,Electronics,99.43,2,0.15,2026-01-09 15:00:00,198.86,169.03,Standard
1209,Charlie,Toys,496.44,6,0.2,2026-01-09 16:00:00,2978.64,2382.91,Large
1210,Frank,Toys,287.05,6,0.0,2026-01-09 17:00:00,1722.3,1722.3,Large
1211,Alice,Sports,387.7,7,0.0,2026-01-09 18:00:00,2713.9,2713.9,Large
1212,Frank,Toys,270.73,3,0.15,2026-01-09 19:00:00,812.19,690.36,Large
1213,Charlie,Home,289.57,3,0.15,2026-01-09 20:00:00,868.71,738.4,Large
1214,Alice,Electronics,283.73,7,0.15,2026-01-09 21:00:00,1986.11,1688.19,Large
1215,Bob,Clothing,50.53,1,0.15,2026-01-09 22:00:00,50.53,42.95,Standard
1216,Eve,Clothing,87.93,8,0.0,2026-01-09 23:00:00,703.44,703.44,Large
1217,David,Electronics,353.23,9,0.1,2026-01-10 00:00:00,3179.07,2861.16,Large
1218,David,Toys,138.66,5,0.0,2026-01-10 01:00:00,693.3,693.3,Large
1219,David,Clothing,188.64,10,0.0,2026-01-10 02:00:00,1886.4,1886.4,Large
1220,Charlie,Toys,142.02,1,0.0,2026-01-10 03:00:00,142.02,142.02,Standard
1221,David,Electronics,131.88,7,0.1,2026-01-10 04:00:00,923.16,830.84,Large
1222,David,Electronics,116.29,8,0.2,2026-01-10 05:00:00,930.32,744.26,Large
1223,Alice,Sports,371.69,2,0.15,2026-01-10 06:00:00,743.38,631.87,Large
1224,David,Electronics,82.9,4,0.0,2026-01-10 07:00:00,331.6,331.6,Standard
1225,Eve,Toys,385.04,5,0.15,2026-01-10 08:00:00,1925.2,1636.42,Large
1226,David,Clothing,307.07,3,0.0,2026-01-10 09:00:00,921.21,921.21,Large
1227,Charlie,Toys,424.73,10,0.0,2026-01-10 10:00:00,4247.3,4247.3,Large
1228,Bob,Clothing,199.5,4,0.0,2026-01-10 11:00:00,798.0,798.0,Large
1229,Frank,Clothing,446.98,2,0.15,2026-01-10 12:00:00,893.96,759.87,Large
1230,Eve,Home,389.96,8,0.0,2026-01-10 13:00:00,3119.68,3119.68,Large
1231,Frank,Home,145.77,5,0.0,2026-01-10 14:00:00,728.85,728.85,Large
1232,Eve,Toys,274.56,4,0.2,2026-01-10 15:00:00,1098.24,878.59,Large
1233,David,Sports,197.55,4,0.0,2026-01-10 16:00:00,790.2,790.2,Large
1234,Bob,Clothing,283.35,6,0.1,2026-01-10 17:00:00,1700.1,1530.09,Large
1235,Bob,Home,263.79,6,0.15,2026-01-10 18:00:00,1582.74,1345.33,Large
1236,Charlie,Toys,92.21,3,0.0,2026-01-10 19:00:00,276.63,276.63,Standard
1237,Eve,Home,206.43,4,0.2,2026-01-10 20:00:00,825.72,660.58,Large
1238,Bob,Clothing,164.41,10,0.0,2026-01-10 21:00:00,1644.1,1644.1,Large
1239,Frank,Home,422.6,10,0.1,2026-01-10 22:00:00,4226.0,3803.4,Large
1240,Charlie,Sports,209.98,4,0.0,2026-01-10 23:00:00,839.92,839.92,Large
1241,Bob,Toys,292.01,5,0.1,2026-01-11 00:00:00,1460.05,1314.05,Large
1242,David,Sports,291.08,5,0.1,2026-01-11 01:00:00,1455.4,1309.86,Large
1243,Alice,Toys,498.05,10,0.1,2026-01-11 02:00:00,4980.5,4482.45,Large
1244,Charlie,Toys,312.66,4,0.0,2026-01-11 03:00:00,1250.64,1250.64,Large
1245,Eve,Home,197.44,7,0.0,2026-01-11 04:00:00,1382.08,1382.08,Large
1246,Frank,Clothing,135.58,1,0.0,2026-01-11 05:00:00,135.58,135.58,Standard
1247,Alice,Home,474.0,9,0.0,2026-01-11 06:00:00,4266.0,4266.0,Large
1248,David,Electronics,366.97,9,0.1,2026-01-11 07:00:00,3302.73,2972.46,Large
1249,Bob,Clothing,212.24,2,0.0,2026-01-11 08:00:00,424.48,424.48,Standard
1250,David,Home,119.61,7,0.1,2026-01-11 09:00:00,837.27,753.54,Large
1251,Bob,Clothing,186.7,10,0.15,2026-01-11 10:00:00,1867.0,1586.95,Large
1252,Bob,Toys,136.37,6,0.0,2026-01-11 11:00:00,818.22,818.22,Large
1253,Charlie,Toys,355.15,5,0.15,2026-01-11 12:00:00,1775.75,1509.39,Large
1254,Charlie,Toys,428.38,3,0.0,2026-01-11 13:00:00,1285.14,1285.14,Large
1255,Frank,Electronics,160.53,1,0.0,2026-01-11 14:00:00,160.53,160.53,Standard
1256,Eve,Electronics,309.56,2,0.0,2026-01-11 15:00:00,619.12,619.12,Large
1257,Eve,Sports,407.69,8,0.0,2026-01-11 16:00:00,3261.52,3261.52,Large
1258,Bob,Home,220.93,3,0.2,2026-01-11 17:00:00,662.79,530.23,Large
1259,Bob,Electronics,470.43,10,0.1,2026-01-11 18:00:00,4704.3,4233.87,Large
1260,Frank,Sports,432.49,10,0.2,2026-01-11 19:00:00,4324.9,3459.92,Large
1261,Frank,Electronics,142.2,7,0.15,2026-01-11 20:00:00,995.4,846.09,Large
1262,Bob,Clothing,499.48,8,0.0,2026-01-11 21:00:00,3995.84,3995.84,Large
1263,Bob,Electronics,433.15,2,0.15,2026-01-11 22:00:00,866.3,736.35,Large
1264,Charlie,Toys,123.92,5,0.0,2026-01-11 23:00:00,619.6,619.6,Large
1265,Alice,Electronics,384.63,3,0.1,2026-01-12 00:00:00,1153.89,1038.5,Large
1266,Alice,Sports,57.5,10,0.0,2026-01-12 01:00:00,575.0,575.0,Large
1267,Alice,Toys,491.77,9,0.1,2026-01-12 02:00:00,4425.93,3983.34,Large
1268,Charlie,Sports,266.33,2,0.15,2026-01-12 03:00:00,532.66,452.76,Standard
1269,David,Sports,60.41,7,0.0,2026-01-12 04:00:00,422.87,422.87,Standard
1270,Bob,Electronics,427.75,9,0.0,2026-01-12 05:00:00,3849.75,3849.75,Large
1271,Alice,Home,379.09,3,0.15,2026-01-12 06:00:00,1137.27,966.68,Large
1272,Bob,Home,379.13,6,0.2,2026-01-12 07:00:00,2274.78,1819.82,Large
1273,Charlie,Toys,290.64,10,0.0,2026-01-12 08:00:00,2906.4,2906.4,Large
1274,Charlie,Toys,152.04,4,0.0,2026-01-12 09:00:00,608.16,608.16,Large
1275,Alice,Home,401.46,9,0.0,2026-01-12 10:00:00,3613.14,3613.14,Large
1276,Bob,Toys,230.32,3,0.2,2026-01-12 11:00:00,690.96,552.77,Large
1277,Alice,Sports,85.28,4,0.0,2026-01-12 12:00:00,341.12,341.12,Standard
1278,Charlie,Clothing,146.73,2,0.2,2026-01-12 13:00:00,293.46,234.77,Standard
1279,Charlie,Sports,26.74,5,0.2,2026-01-12 14:00:00,133.7,106.96,Standard
1280,Charlie,Toys,487.88,5,0.2,2026-01-12 15:00:00,2439.4,1951.52,Large
1281,David,Electronics,463.61,4,0.0,2026-01-12 16:00:00,1854.44,1854.44,Large
1282,Eve,Toys,37.55,6,0.0,2026-01-12 17:00:00,225.3,225.3,Standard
1283,Alice,Clothing,111.05,1,0.1,2026-01-12 18:00:00,111.05,99.94,Standard
1284,Eve,Clothing,256.89,9,0.2,2026-01-12 19:00:00,2312.01,1849.61,Large
1285,Alice,Sports,255.88,1,0.0,2026-01-12 20:00:00,255.88,255.88,Standard
1286,David,Sports,319.6,2,0.0,2026-01-12 21:00:00,639.2,639.2,Large
1287,Frank,Electronics,115.92,2,0.0,2026-01-12 22:00:00,231.84,231.84,Standard
1288,Bob,Clothing,374.12,4,0.0,2026-01-12 23:00:00,1496.48,1496.48,Large
1289,Bob,Electronics,376.7,8,0.0,2026-01-13 00:00:00,3013.6,3013.6,Large
1290,Eve,Home,195.8,6,0.1,2026-01-13 01:00:00,1174.8,1057.32,Large
1291,Charlie,Electronics,334.86,10,0.2,2026-01-13 02:00:00,3348.6,2678.88,Large
1292,Frank,Home,236.5,8,0.2,2026-01-13 03:00:00,1892.0,1513.6,Large
1293,David,Toys,131.65,3,0.15,2026-01-13 04:00:00,394.95,335.71,Standard
1294,Charlie,Electronics,475.99,10,0.0,2026-01-13 05:00:00,4759.9,4759.9,Large
1295,Frank,Toys,10.49,2,0.1,2026-01-13 06:00:00,20.98,18.88,Standard
1296,Charlie,Home,245.75,2,0.1,2026-01-13 07:00:00,491.5,442.35,Standard
1297,Bob,Electronics,389.9,7,0.0,2026-01-13 08:00:00,2729.3,2729.3,Large
1298,Eve,Home,481.54,8,0.2,2026-01-13 09:00:00,3852.32,3081.86,Large
1299,Charlie,Toys,133.3,7,0.1,2026-01-13 10:00:00,933.1,839.79,Large
1300,Charlie,Electronics,59.71,7,0.15,2026-01-13 11:00:00,417.97,355.27,Standard
1301,David,Home,329.88,7,0.15,2026-01-13 12:00:00,2309.16,1962.79,Large
1302,Eve,Sports,365.46,1,0.1,2026-01-13 13:00:00,365.46,328.91,Standard
1303,Eve,Clothing,276.72,8,0.1,2026-01-13 14:00:00,2213.76,1992.38,Large
1304,David,Toys,95.73,4,0.0,2026-01-13 15:00:00,382.92,382.92,Standard
1305,Eve,Clothing,145.81,10,0.2,2026-01-13 16:00:00,1458.1,1166.48,Large
1306,David,Clothing,118.17,8,0.15,2026-01-13 17:00:00,945.36,803.56,Large
1307,Eve,Home,290.67,7,0.2,2026-01-13 18:00:00,2034.69,1627.75,Large
1308,Alice,Electronics,351.48,5,0.2,2026-01-13 19:00:00,1757.4,1405.92,Large
1309,Charlie,Home,171.02,9,0.0,2026-01-13 20:00:00,1539.18,1539.18,Large
1310,Bob,Home,275.2,9,0.1,2026-01-13 21:00:00,2476.8,2229.12,Large
1311,Charlie,Sports,220.19,7,0.2,2026-01-13 22:00:00,1541.33,1233.06,Large
1312,David,Sports,392.26,2,0.2,2026-01-13 23:00:00,784.52,627.62,Large
1313,Alice,Toys,226.09,1,0.2,2026-01-14 00:00:00,226.09,180.87,Standard
1314,David,Toys,389.7,5,0.15,2026-01-14 01:00:00,1948.5,1656.22,Large
1315,David,Toys,62.03,9,0.15,2026-01-14 02:00:00,558.27,474.53,Standard
1316,Eve,Electronics,251.53,1,0.0,2026-01-14 03:00:00,251.53,251.53,Standard
1317,Frank,Toys,279.33,1,0.0,2026-01-14 04:00:00,279.33,279.33,Standard
1318,Charlie,Sports,151.19,2,0.0,2026-01-14 05:00:00,302.38,302.38,Standard
1319,Frank,Sports,328.81,8,0.15,2026-01-14 06:00:00,2630.48,2235.91,Large
1320,Bob,Clothing,79.91,8,0.0,2026-01-14 07:00:00,639.28,639.28,Large
1321,Charlie,Sports,219.09,4,0.0,2026-01-14 08:00:00,876.36,876.36,Large
1322,David,Home,179.45,3,0.2,2026-01-14 09:00:00,538.35,430.68,Standard
1323,Charlie,Toys,272.37,6,0.0,2026-01-14 10:00:00,1634.22,1634.22,Large
1324,Eve,Electronics,377.05,4,0.15,2026-01-14 11:00:00,1508.2,1281.97,Large
1325,Bob,Sports,297.67,10,0.1,2026-01-14 12:00:00,2976.7,2679.03,Large
1326,David,Home,64.19,3,0.1,2026-01-14 13:00:00,192.57,173.31,Standard
1327,David,Toys,24.05,9,0.2,2026-01-14 14:00:00,216.45,173.16,Standard
1328,David,Clothing,379.05,10,0.2,2026-01-14 15:00:00,3790.5,3032.4,Large
1329,David,Sports,321.46,8,0.0,2026-01-14 16:00:00,2571.68,2571.68,Large
1330,Alice,Home,168.99,9,0.1,2026-01-14 17:00:00,1520.91,1368.82,Large
1331,Charlie,Clothing,243.67,1,0.0,2026-01-14 18:00:00,243.67,243.67,Standard
1332,Charlie,Toys,55.59,8,0.2,2026-01-14 19:00:00,444.72,355.78,Standard
1333,Alice,Clothing,166.54,4,0.15,2026-01-14 20:00:00,666.16,566.24,Large
1334,Charlie,Home,234.83,5,0.0,2026-01-14 21:00:00,1174.15,1174.15,Large
1335,Frank,Toys,446.29,8,0.2,2026-01-14 22:00:00,3570.32,2856.26,Large
1336,David,Sports,295.27,10,0.1,2026-01-14 23:00:00,2952.7,2657.43,Large
1337,Alice,Clothing,145.65,8,0.15,2026-01-15 00:00:00,1165.2,990.42,Large
1338,Alice,Home,348.89,7,0.0,2026-01-15 01:00:00,2442.23,2442.23,Large
1339,Eve,Toys,393.07,9,0.0,2026-01-15 02:00:00,3537.63,3537.63,Large
1340,David,Sports,225.97,2,0.1,2026-01-15 03:00:00,451.94,406.75,Standard
1341,Charlie,Toys,367.43,2,0.2,2026-01-15 04:00:00,734.86,587.89,Large
1342,Alice,Home,76.33,1,0.0,2026-01-15 05:00:00,76.33,76.33,Standard
1343,David,Electronics,185.83,3,0.1,2026-01-15 06:00:00,557.49,501.74,Large
1344,Alice,Sports,456.93,6,0.0,2026-01-15 07:00:00,2741.58,2741.58,Large
1345,Charlie,Toys,232.34,9,0.0,2026-01-15 08:00:00,2091.06,2091.06,Large
1346,Eve,Sports,20.2,8,0.0,2026-01-15 09:00:00,161.6,161.6,Standard
1347,Bob,Sports,214.34,6,0.2,2026-01-15 10:00:00,1286.04,1028.83,Large
1348,David,Sports,442.5,5,0.15,2026-01-15 11:00:00,2212.5,1880.62,Large
1349,Frank,Sports,495.7,2,0.0,2026-01-15 12:00:00,991.4,991.4,Large
1350,Bob,Clothing,40.57,2,0.0,2026-01-15 13:00:00,81.14,81.14,Standard
1351,Alice,Electronics,43.76,10,0.0,2026-01-15 14:00:00,437.6,437.6,Standard
1352,Bob,Toys,208.66,2,0.0,2026-01-15 15:00:00,417.32,417.32,Standard
1353,Frank,Toys,399.88,1,0.0,2026-01-15 16:00:00,399.88,399.88,Standard
1354,Frank,Clothing,280.73,5,0.0,2026-01-15 17:00:00,1403.65,1403.65,Large
1355,David,Sports,117.13,9,0.0,2026-01-15 18:00:00,1054.17,1054.17,Large
1356,Alice,Home,385.09,1,0.2,2026-01-15 19:00:00,385.09,308.07,Standard
1357,Charlie,Clothing,240.34,9,0.2,2026-01-15 20:00:00,2163.06,1730.45,Large
1358,Charlie,Clothing,360.89,7,0.2,2026-01-15 21:00:00,2526.23,2020.98,Large
1359,Bob,Home,296.53,8,0.1,2026-01-15 22:00:00,2372.24,2135.02,Large
1360,David,Sports,243.9,10,0.0,2026-01-15 23:00:00,2439.0,2439.0,Large
1361,Alice,Home,177.04,10,0.1,2026-01-16 00:00:00,1770.4,1593.36,Large
1362,Frank,Home,72.83,6,0.15,2026-01-16 01:00:00,436.98,371.43,Standard
1363,Alice,Clothing,288.01,1,0.0,2026-01-16 02:00:00,288.01,288.01,Standard
1364,Eve,Clothing,322.81,5,0.15,2026-01-16 03:00:00,1614.05,1371.94,Large
1365,Bob,Clothing,350.1,9,0.1,2026-01-16 04:00:00,3150.9,2835.81,Large
1366,Charlie,Sports,35.68,5,0.0,2026-01-16 05:00:00,178.4,178.4,Standard
1367,Bob,Sports,206.31,5,0.2,2026-01-16 06:00:00,1031.55,825.24,Large
1368,Charlie,Home,110.64,8,0.0,2026-01-16 07:00:00,885.12,885.12,Large
1369,Eve,Toys,412.71,7,0.2,2026-01-16 08:00:00,2888.97,2311.18,Large
1370,Alice,Electronics,340.79,2,0.1,2026-01-16 09:00:00,681.58,613.42,Large
1371,Alice,Home,15.01,9,0.1,2026-01-16 10:00:00,135.09,121.58,Standard
1372,Bob,Toys,447.42,6,0.0,2026-01-16 11:00:00,2684.52,2684.52,Large
1373,Eve,Toys,329.43,10,0.15,2026-01-16 12:00:00,3294.3,2800.16,Large
1374,David,Clothing,293.4,1,0.2,2026-01-16 13:00:00,293.4,234.72,Standard
1375,Charlie,Clothing,190.69,7,0.2,2026-01-16 14:00:00,1334.83,1067.86,Large
1376,Bob,Clothing,42.2,7,0.0,2026-01-16 15:00:00,295.4,295.4,Standard
1377,Alice,Electronics,341.39,1,0.0,2026-01-16 16:00:00,341.39,341.39,Standard
1378,David,Clothing,289.62,6,0.2,2026-01-16 17:00:00,1737.72,1390.18,Large
1379,Bob,Home,306.31,7,0.1,2026-01-16 18:00:00,2144.17,1929.75,Large
1380,Alice,Clothing,308.43,7,0.15,2026-01-16 19:00:00,2159.01,1835.16,Large
1381,Alice,Toys,446.64,3,0.2,2026-01-16 20:00:00,1339.92,1071.94,Large
1382,Alice,Toys,303.71,4,0.15,2026-01-16 21:00:00,1214.84,1032.61,Large
1383,Charlie,Toys,485.85,7,0.0,2026-01-16 22:00:00,3400.95,3400.95,Large
1384,Bob,Clothing,110.67,2,0.1,2026-01-16 23:00:00,221.34,199.21,Standard
1385,Charlie,Sports,104.86,10,0.15,2026-01-17 00:00:00,1048.6,891.31,Large
1386,Charlie,Clothing,45.06,4,0.0,2026-01-17 01:00:00,180.24,180.24,Standard
1387,Eve,Electronics,168.93,10,0.2,2026-01-17 02:00:00,1689.3,1351.44,Large
1388,Bob,Sports,230.92,1,0.15,2026-01-17 03:00:00,230.92,196.28,Standard
1389,Bob,Electronics,63.77,7,0.0,2026-01-17 04:00:00,446.39,446.39,Standard
1390,Alice,Sports,305.34,7,0.15,2026-01-17 05:00:00,2137.38,1816.77,Large
1391,Bob,Toys,205.42,5,0.0,2026-01-17 06:00:00,1027.1,1027.1,Large
1392,Charlie,Home,435.17,8,0.0,2026-01-17 07:00:00,3481.36,3481.36,Large
1393,David,Sports,58.75,3,0.15,2026-01-17 08:00:00,176.25,149.81,Standard
1394,Charlie,Sports,278.18,8,0.15,2026-01-17 09:00:00,2225.44,1891.62,Large
1395,David,Toys,495.35,4,0.2,2026-01-17 10:00:00,1981.4,1585.12,Large
1396,Charlie,Home,43.82,5,0.15,2026-01-17 11:00:00,219.1,186.23,Standard
1397,Alice,Clothing,132.28,6,0.15,2026-01-17 12:00:00,793.68,674.63,Large
1398,Bob,Sports,225.85,9,0.0,2026-01-17 13:00:00,2032.65,2032.65,Large
1399,Frank,Electronics,315.1,4,0.2,2026-01-17 14:00:00,1260.4,1008.32,Large
1400,Bob,Home,426.41,9,0.0,2026-01-17 15:00:00,3837.69,3837.69,Large
1401,Charlie,Electronics,401.88,2,0.0,2026-01-17 16:00:00,803.76,803.76,Large
1402,Charlie,Sports,202.54,8,0.0,2026-01-17 17:00:00,1620.32,1620.32,Large
1403,David,Clothing,144.95,5,0.0,2026-01-17 18:00:00,724.75,724.75,Large
1404,Bob,Electronics,381.35,1,0.1,2026-01-17 19:00:00,381.35,343.22,Standard
1405,Bob,Electronics,108.3,5,0.0,2026-01-17 20:00:00,541.5,541.5,Large
1406,David,Electronics,461.4,4,0.0,2026-01-17 21:00:00,1845.6,1845.6,Large
1407,David,Home,191.19,5,0.1,2026-01-17 22:00:00,955.95,860.36,Large
1408,Charlie,Electronics,432.06,4,0.2,2026-01-17 23:00:00,1728.24,1382.59,Large
1409,Frank,Home,146.33,4,0.0,2026-01-18 00:00:00,585.32,585.32,Large
1410,Alice,Electronics,400.14,6,0.1,2026-01-18 01:00:00,2400.84,2160.76,Large
1411,Charlie,Electronics,192.14,5,0.0,2026-01-18 02:00:00,960.7,960.7,Large
1412,Charlie,Toys,153.45,5,0.0,2026-01-18 03:00:00,767.25,767.25,Large
1413,Frank,Electronics,194.96,7,0.0,2026-01-18 04:00:00,1364.72,1364.72,Large
1414,David,Toys,164.7,10,0.2,2026-01-18 05:00:00,1647.0,1317.6,Large
1415,Eve,Sports,384.06,3,0.15,2026-01-18 06:00:00,1152.18,979.35,Large
1416,Frank,Electronics,140.89,8,0.0,2026-01-18 07:00:00,1127.12,1127.12,Large
1417,Charlie,Clothing,64.19,1,0.0,2026-01-18 08:00:00,64.19,64.19,Standard
1418,Eve,Home,314.97,4,0.15,2026-01-18 09:00:00,1259.88,1070.9,Large
1419,Eve,Home,286.95,4,0.0,2026-01-18 10:00:00,1147.8,1147.8,Large
1420,Alice,Toys,485.45,1,0.0,2026-01-18 11:00:00,485.45,485.45,Standard
1421,Frank,Sports,209.02,7,0.2,2026-01-18 12:00:00,1463.14,1170.51,Large
1422,Frank,Electronics,341.79,3,0.1,2026-01-18 13:00:00,1025.37,922.83,Large
1423,Eve,Toys,384.01,1,0.15,2026-01-18 14:00:00,384.01,326.41,Standard
1424,David,Clothing,241.92,4,0.0,2026-01-18 15:00:00,967.68,967.68,Large
1425,Eve,Electronics,481.24,10,0.0,2026-01-18 16:00:00,4812.4,4812.4,Large
1426,Frank,Home,178.38,7,0.15,2026-01-18 17:00:00,1248.66,1061.36,Large
1427,Charlie,Electronics,360.98,1,0.0,2026-01-18 18:00:00,360.98,360.98,Standard
1428,Bob,Toys,138.46,2,0.15,2026-01-18 19:00:00,276.92,235.38,Standard
1429,Frank,Sports,303.72,2,0.1,2026-01-18 20:00:00,607.44,546.7,Large
1430,Alice,Toys,140.61,1,0.1,2026-01-18 21:00:00,140.61,126.55,Standard
1431,Eve,Electronics,86.82,10,0.0,2026-01-18 22:00:00,868.2,868.2,Large
1432,David,Clothing,272.15,3,0.2,2026-01-18 23:00:00,816.45,653.16,Large
1433,Charlie,Sports,376.0,8,0.1,2026-01-19 00:00:00,3008.0,2707.2,Large
1434,David,Sports,243.21,7,0.1,2026-01-19 01:00:00,1702.47,1532.22,Large
1435,Bob,Toys,340.54,5,0.1,2026-01-19 02:00:00,1702.7,1532.43,Large
1436,Eve,Sports,228.04,1,0.0,2026-01-19 03:00:00,228.04,228.04,Standard
1437,David,Home,336.19,8,0.0,2026-01-19 04:00:00,2689.52,2689.52,Large
1438,Bob,Sports,283.61,2,0.0,2026-01-19 05:00:00,567.22,567.22,Large
1439,Bob,Sports,494.08,7,0.1,2026-01-19 06:00:00,3458.56,3112.7,Large
1440,Eve,Clothing,386.56,4,0.1,2026-01-19 07:00:00,1546.24,1391.62,Large
1441,Charlie,Sports,101.91,6,0.2,2026-01-19 08:00:00,611.46,489.17,Standard
1442,Frank,Electronics,397.35,7,0.1,2026-01-19 09:00:00,2781.45,2503.31,Large
1443,Frank,Home,332.73,8,0.15,2026-01-19 10:00:00,2661.84,2262.56,Large
1444,Frank,Toys,457.21,5,0.15,2026-01-19 11:00:00,2286.05,1943.14,Large
1445,Charlie,Toys,342.11,5,0.15,2026-01-19 12:00:00,1710.55,1453.97,Large
1446,Eve,Electronics,415.28,5,0.0,2026-01-19 13:00:00,2076.4,2076.4,Large
1447,Alice,Electronics,130.14,2,0.0,2026-01-19 14:00:00,260.28,260.28,Standard
1448,Frank,Electronics,363.85,6,0.2,2026-01-19 15:00:00,2183.1,1746.48,Large
1449,Eve,Toys,32.18,8,0.15,2026-01-19 16:00:00,257.44,218.82,Standard
1450,Eve,Clothing,67.2,10,0.15,2026-01-19 17:00:00,672.0,571.2,Large
1451,Alice,Toys,235.74,1,0.0,2026-01-19 18:00:00,235.74,235.74,Standard
1452,David,Electronics,226.98,5,0.2,2026-01-19 19:00:00,1134.9,907.92,Large
1453,Eve,Electronics,337.28,2,0.0,2026-01-19 20:00:00,674.56,674.56,Large
1454,Charlie,Home,396.98,9,0.15,2026-01-19 21:00:00,3572.82,3036.9,Large
1455,Frank,Electronics,437.35,2,0.0,2026-01-19 22:00:00,874.7,874.7,Large
1456,Bob,Clothing,307.68,2,0.2,2026-01-19 23:00:00,615.36,492.29,Standard
1457,Alice,Clothing,162.81,7,0.1,2026-01-20 00:00:00,1139.67,1025.7,Large
1458,Bob,Toys,153.48,6,0.15,2026-01-20 01:00:00,920.88,782.75,Large
1459,Frank,Clothing,195.97,8,0.15,2026-01-20 02:00:00,1567.76,1332.6,Large
1460,David,Toys,186.09,3,0.15,2026-01-20 03:00:00,558.27,474.53,Standard
1461,Charlie,Home,140.36,7,0.0,2026-01-20 04:00:00,982.52,982.52,Large
1462,Alice,Sports,364.62,2,0.15,2026-01-20 05:00:00,729.24,619.85,Large
1463,Frank,Sports,196.85,3,0.1,2026-01-20 06:00:00,590.55,531.5,Large
1464,Alice,Home,116.91,2,0.0,2026-01-20 07:00:00,233.82,233.82,Standard
1465,Alice,Electronics,414.32,9,0.2,2026-01-20 08:00:00,3728.88,2983.1,Large
1466,Alice,Toys,457.65,7,0.0,2026-01-20 09:00:00,3203.55,3203.55,Large
1467,Eve,Toys,459.64,8,0.0,2026-01-20 10:00:00,3677.12,3677.12,Large
1468,David,Electronics,246.45,1,0.0,2026-01-20 11:00:00,246.45,246.45,Standard
1469,Frank,Clothing,247.97,6,0.0,2026-01-20 12:00:00,1487.82,1487.82,Large
1470,David,Sports,373.3,9,0.0,2026-01-20 13:00:00,3359.7,3359.7,Large
1471,David,Electronics,254.39,3,0.2,2026-01-20 14:00:00,763.17,610.54,Large
1472,Alice,Toys,201.31,1,0.0,2026-01-20 15:00:00,201.31,201.31,Standard
1473,Frank,Electronics,416.28,1,0.2,2026-01-20 16:00:00,416.28,333.02,Standard
1474,David,Electronics,50.72,4,0.1,2026-01-20 17:00:00,202.88,182.59,Standard
1475,Charlie,Toys,483.23,9,0.15,2026-01-20 18:00:00,4349.07,3696.71,Large
1476,Alice,Electronics,271.21,4,0.0,2026-01-20 19:00:00,1084.84,1084.84,Large
1477,David,Electronics,478.34,5,0.15,2026-01-20 20:00:00,2391.7,2032.94,Large
1478,Alice,Toys,287.1,1,0.15,2026-01-20 21:00:00,287.1,244.04,Standard
1479,Eve,Electronics,49.63,9,0.0,2026-01-20 22:00:00,446.67,446.67,Standard
1480,Bob,Clothing,369.24,8,0.0,2026-01-20 23:00:00,2953.92,2953.92,Large
1481,Alice,Sports,306.59,6,0.0,2026-01-21 00:00:00,1839.54,1839.54,Large
1482,David,Clothing,277.15,2,0.0,2026-01-21 01:00:00,554.3,554.3,Large
1483,David,Toys,496.93,10,0.2,2026-01-21 02:00:00,4969.3,3975.44,Large
1484,Eve,Electronics,128.96,2,0.1,2026-01-21 03:00:00,257.92,232.13,Standard
1485,Alice,Home,281.62,2,0.2,2026-01-21 04:00:00,563.24,450.59,Standard
1486,Bob,Electronics,294.24,8,0.2,2026-01-21 05:00:00,2353.92,1883.14,Large
1487,David,Toys,290.93,10,0.2,2026-01-21 06:00:00,2909.3,2327.44,Large
1488,Eve,Clothing,241.15,1,0.1,2026-01-21 07:00:00,241.15,217.03,Standard
1489,Eve,Electronics,245.01,4,0.0,2026-01-21 08:00:00,980.04,980.04,Large
1490,Frank,Electronics,389.77,1,0.15,2026-01-21 09:00:00,389.77,331.3,Standard
1491,Frank,Sports,43.17,3,0.0,2026-01-21 10:00:00,129.51,129.51,Standard
1492,Alice,Sports,360.39,4,0.2,2026-01-21 11:00:00,1441.56,1153.25,Large
1493,Frank,Toys,469.42,5,0.0,2026-01-21 12:00:00,2347.1,2347.1,Large
1494,Charlie,Toys,257.93,8,0.1,2026-01-21 13:00:00,2063.44,1857.1,Large
1495,Bob,Electronics,435.19,8,0.2,2026-01-21 14:00:00,3481.52,2785.22,Large
1496,Alice,Electronics,228.53,2,0.15,2026-01-21 15:00:00,457.06,388.5,Standard
1497,Frank,Electronics,426.31,9,0.15,2026-01-21 16:00:00,3836.79,3261.27,Large
1498,Eve,Sports,43.65,7,0.1,2026-01-21 17:00:00,305.55,275.0,Standard
1499,Charlie,Clothing,221.41,5,0.0,2026-01-21 18:00:00,1107.05,1107.05,Large
1500,Eve,Electronics,135.01,5,0.1,2026-01-21 19:00:00,675.05,607.54,Large
