patient_key,doctor_key,clinic_key,date_key,appointment_id,wait_minutes,consultation_minutes,fee
201,15,5,20250425,A00465,3,28,3500
11,19,1,20250310,A00270,2,16,2500
97,20,5,20250819,A00976,13,29,4500
255,4,4,20250609,A00657,2,10,3000
70,15,5,20250820,A00983,40,30,3500
161,18,3,20250429,A00477,44,10,5000
27,15,5,20251018,A01213,27,15,3500
14,5,5,20251011,A01181,55,33,4000
144,1,3,20250304,A00249,21,15,2500
265,14,4,20250624,A00729,74,22,4500
251,17,2,20250804,A00905,40,10,4000
130,18,3,20251017,A01202,3,22,5000
250,20,5,20251031,A01265,76,34,4500
100,15,5,20251125,A01363,10,18,3500
132,2,2,20250704,A00770,5,15,4500
238,3,3,20250426,A00469,30,13,3500
152,5,5,20250609,A00659,31,13,4000
116,17,2,20250721,A00851,104,26,4000
143,6,1,20250804,A00904,5,14,5000
13,19,1,20251027,A01244,39,31,2500
264,16,1,20250313,A00284,5,9,3000
181,13,5,20250131,A00118,46,26,2500
206,5,5,20250411,A00408,3,14,4000
52,10,2,20250719,A00843,2,29,3000
212,19,4,20250704,A00773,150,27,2500
285,15,5,20250115,A00051,67,10,3500
4,17,2,20250616,A00692,20,18,4000
132,2,2,20250619,A00709,3,25,4500
49,5,5,20250807,A00928,51,16,4000
153,10,2,20251106,A01283,3,15,3000
10,5,5,20250813,A00951,4,26,4000
50,18,3,20250520,A00570,18,25,5000
74,13,3,20250121,A00069,25,17,2500
202,3,3,20251021,A01226,6,17,3500
165,16,3,20250626,A00739,24,16,3000
86,9,4,20250711,A00807,36,28,3500
179,19,1,20250603,A00624,33,20,2500
38,15,5,20250130,A00117,34,27,3500
240,16,1,20250311,A00273,8,34,3000
132,19,1,20250129,A00104,42,26,2500
91,14,4,20251113,A01311,154,26,4500
164,17,2,20250807,A00922,132,34,4000
204,1,3,20250731,A00890,180,24,2500
55,5,5,20250611,A00674,7,24,4000
297,10,5,20251119,A01338,41,28,3000
12,17,2,20251220,A01460,43,8,4000
149,19,4,20250927,A01134,24,35,2500
277,6,1,20250717,A00829,58,16,5000
78,17,2,20250606,A00644,86,15,4000
119,18,3,20251206,A01412,37,8,5000
220,14,4,20251118,A01332,43,14,4500
278,14,4,20251208,A01421,7,33,4500
223,11,1,20250514,A00537,1,17,4000
143,2,2,20250108,A00022,3,14,4500
13,1,3,20250212,A00159,39,34,2500
89,18,3,20250214,A00173,14,15,5000
289,13,5,20250204,A00133,127,23,2500
251,6,1,20250306,A00252,86,10,5000
273,4,4,20251024,A01239,33,21,3000
297,10,2,20250802,A00901,5,25,3000
221,19,4,20251029,A01254,11,9,2500
246,16,1,20251217,A01445,27,24,3000
198,11,1,20250609,A00654,147,30,4000
138,11,1,20250219,A00185,38,27,4000
126,5,5,20250529,A00610,18,13,4000
91,8,3,20250520,A00568,5,8,4500
278,15,5,20250603,A00629,46,24,3500
47,20,5,20251027,A01247,27,33,4500
203,1,3,20250225,A00215,23,17,2500
114,8,3,20250325,A00336,46,29,4500
240,19,4,20251105,A01280,21,25,2500
75,10,2,20251224,A01470,0,35,3000
155,6,1,20250430,A00483,25,27,5000
50,11,1,20250627,A00743,38,34,4000
293,8,3,20251015,A01193,107,21,4500
254,6,1,20250116,A00052,14,28,5000
295,16,1,20251001,A01147,28,34,3000
226,9,4,20251027,A01519,21,22,3500
135,13,5,20250704,A00775,11,12,2500
14,13,5,20250718,A00842,7,16,2500
187,19,1,20251117,A01319,73,16,2500
116,11,1,20251128,A01377,25,27,4000
9,18,3,20250415,A00419,28,33,5000
122,18,3,20250626,A00740,40,13,5000
29,20,5,20250315,A00296,20,10,4500
260,7,2,20250425,A01502,28,17,2500
43,9,4,20250726,A00876,13,20,3500
221,9,4,20251231,A01497,27,32,3500
211,11,1,20250213,A00166,53,16,4000
31,13,3,20251001,A01148,1,25,2500
27,3,3,20250401,A00364,46,25,3500
136,6,1,20250702,A00758,66,13,5000
128,12,2,20250725,A00871,4,17,5000
105,9,4,20250521,A00575,6,27,3500
223,13,5,20250610,A00667,16,15,2500
169,11,1,20250320,A00315,20,14,4000
165,4,4,20250614,A00683,36,12,3000
182,2,2,20250607,A00649,104,24,4500
22,19,4,20250702,A00762,54,18,2500
285,6,1,20250211,A00155,70,16,5000
230,11,1,20251024,A01237,168,8,4000
152,18,3,20250523,A00586,6,32,5000
19,4,4,20250120,A00063,71,9,3000
236,20,5,20250616,A00700,99,15,4500
256,5,5,20250527,A00603,10,15,4000
177,3,3,20251206,A01411,5,20,3500
91,18,3,20251104,A01275,14,21,5000
232,10,2,20250728,A01510,23,17,3000
220,3,3,20250418,A00432,83,8,3500
182,2,2,20250321,A00319,27,19,4500
19,7,2,20250521,A00574,45,19,2500
144,11,1,20250318,A00302,27,16,4000
239,8,3,20251125,A01361,7,27,4500
252,9,4,20250203,A00128,21,33,3500
46,16,1,20251126,A01366,27,26,3000
41,11,1,20250113,A00040,34,15,4000
103,10,5,20250704,A00774,32,13,3000
146,15,5,20250407,A00395,66,17,3500
1,18,3,20250104,A00018,41,13,5000
97,15,5,20251104,A01278,16,14,3500
34,3,3,20250814,A00954,1,28,3500
54,1,1,20250421,A00440,5,35,2500
217,14,4,20251103,A01271,74,13,4500
297,15,5,20250908,A01063,17,11,3500
250,12,2,20251018,A01211,8,29,5000
20,2,2,20251128,A01379,13,34,4500
66,10,5,20250801,A00899,44,13,3000
175,20,5,20250805,A00912,18,29,4500
214,12,2,20250611,A00672,44,35,5000
136,5,5,20250510,A00527,127,15,4000
90,16,1,20250121,A00066,2,25,3000
255,7,2,20250301,A00234,20,28,2500
229,4,4,20250917,A01101,13,29,3000
270,14,4,20250919,A01110,15,29,4500
261,18,3,20250723,A00864,180,34,5000
291,15,5,20250205,A00138,2,24,3500
12,13,5,20251007,A01167,48,30,2500
243,12,2,20250225,A00214,31,27,5000
24,17,2,20250303,A00241,16,28,4000
83,14,4,20250705,A00777,88,19,4500
49,5,5,20250128,A00100,2,27,4000
115,6,1,20250507,A00506,81,26,5000
74,1,3,20251003,A01157,26,10,2500
256,9,4,20250711,A00808,7,23,3500
31,8,3,20250428,A00471,3,33,4500
95,9,4,20250508,A00515,10,19,3500
10,9,4,20250722,A00858,40,30,3500
20,5,5,20250113,A00044,10,30,4000
169,11,1,20250910,A01068,2,28,4000
298,13,5,20251205,A01406,13,24,2500
161,8,3,20250624,A00726,50,14,4500
223,8,3,20251002,A01153,25,35,4500
151,10,5,20250415,A00425,4,8,3000
141,1,3,20250701,A00756,10,32,2500
10,14,4,20250523,A00588,22,33,4500
279,18,3,20251017,A01203,128,32,5000
163,6,1,20251128,A01375,25,12,5000
192,14,4,20250509,A00517,6,26,4500
20,8,3,20250623,A00721,6,26,4500
154,13,5,20250506,A00503,0,21,2500
9,1,1,20251018,A01207,27,33,2500
181,7,2,20250730,A00888,18,24,2500
143,12,2,20250108,A00024,33,32,5000
59,1,1,20250516,A00550,8,16,2500
31,7,2,20251230,A01492,60,9,2500
256,13,3,20250212,A00161,21,30,2500
142,16,1,20250728,A00879,3,29,3000
102,3,3,20251202,A01389,15,30,3500
270,6,1,20250106,A00019,41,9,5000
136,18,3,20250623,A00723,30,9,5000
24,15,5,20250807,A00929,2,32,3500
213,1,1,20251219,A01458,5,14,2500
7,2,2,20251002,A01150,23,11,4500
118,7,4,20250102,A00007,74,12,2500
227,9,4,20251017,A01204,52,20,3500
18,18,3,20250605,A00640,42,30,5000
161,12,2,20250310,A00272,12,26,5000
88,3,3,20250221,A00194,29,18,3500
20,7,2,20250904,A01040,32,29,2500
174,2,2,20250623,A00720,61,14,4500
280,12,2,20251124,A01356,32,14,5000
56,5,5,20250820,A00981,0,17,4000
221,10,2,20250927,A01131,26,12,3000
198,17,2,20250412,A00409,5,29,4000
90,9,4,20250605,A00641,69,30,3500
219,5,5,20250708,A00793,16,10,4000
290,19,1,20250714,A00816,85,35,2500
210,10,2,20250729,A00885,1,32,3000
270,7,4,20250529,A00609,40,13,2500
225,16,3,20250911,A01070,160,29,3000
135,1,3,20250722,A00856,36,34,2500
108,7,2,20250614,A00681,32,31,2500
49,9,4,20250827,A01012,24,9,3500
59,20,5,20251010,A01177,0,26,4500
93,7,4,20250522,A00580,86,28,2500
203,20,5,20251224,A01473,53,34,4500
73,3,3,20250226,A00221,120,31,3500
13,1,1,20250809,A00932,8,35,2500
199,15,5,20250401,A00368,36,28,3500
196,14,4,20250922,A01516,14,13,4500
159,3,3,20250421,A00443,180,25,3500
104,16,3,20250411,A00407,79,18,3000
206,17,2,20250616,A00693,14,21,4000
221,4,1,20250826,A01004,10,12,3000
43,3,3,20251227,A01484,66,9,3500
236,18,3,20250128,A00098,39,24,5000
253,11,1,20250616,A00688,20,18,4000
267,10,5,20250904,A01043,16,12,3000
117,4,1,20250203,A00123,44,18,3000
42,17,2,20250703,A00766,10,10,4000
158,9,4,20250125,A00094,17,20,3500
64,1,3,20250813,A00950,36,18,2500
110,5,5,20250821,A00987,84,18,4000
118,5,5,20250901,A01031,156,16,4000
213,19,4,20250221,A00198,69,22,2500
171,1,1,20250609,A00653,2,9,2500
79,10,2,20250908,A01062,55,15,3000
12,17,2,20250205,A00135,102,35,4000
64,1,3,20250122,A00075,20,19,2500
286,10,5,20250428,A00475,29,30,3000
268,20,5,20251027,A01248,110,16,4500
276,9,4,20250424,A00461,2,9,3500
199,8,3,20250718,A00840,45,28,4500
224,15,5,20250513,A00535,6,32,3500
89,7,2,20251101,A01266,65,18,2500
82,20,5,20251201,A01386,0,33,4500
95,5,5,20250627,A00747,1,17,4000
79,10,2,20251002,A01151,53,12,3000
13,12,2,20250826,A01005,29,15,5000
170,15,5,20250324,A00332,19,11,3500
210,1,1,20250806,A00913,86,33,2500
7,3,3,20250805,A00908,10,25,3500
187,4,4,20250818,A00969,23,22,3000
171,6,1,20250915,A01087,8,25,5000
123,12,2,20250226,A00220,2,30,5000
25,1,3,20251206,A01410,40,29,2500
117,15,5,20250327,A00346,22,18,3500
11,4,1,20250217,A00177,63,21,3000
20,9,4,20250924,A01121,60,13,3500
219,17,2,20250324,A00328,19,14,4000
199,1,3,20250317,A00298,92,25,2500
22,20,5,20251106,A01288,165,27,4500
42,20,5,20250612,A00679,13,25,4500
24,17,2,20250311,A00275,29,13,4000
258,5,5,20250428,A00474,70,30,4000
112,15,5,20250429,A00481,21,29,3500
291,1,3,20250826,A01007,26,20,2500
224,20,5,20250721,A00853,22,19,4500
57,5,5,20250509,A00518,17,18,4000
292,6,1,20250707,A00780,58,9,5000
294,5,5,20250711,A00809,27,22,4000
265,12,2,20250101,A00002,3,35,5000
5,7,4,20250211,A00156,28,24,2500
199,13,5,20250923,A01118,115,32,2500
115,13,3,20250605,A00639,15,34,2500
130,14,4,20250625,A00735,16,14,4500
175,11,1,20251022,A01228,23,15,4000
101,7,4,20250130,A00114,18,33,2500
130,1,3,20250625,A00731,39,8,2500
73,5,5,20250506,A00501,41,16,4000
82,9,4,20250617,A00701,173,29,3500
11,15,5,20251203,A01397,43,22,3500
197,7,2,20250101,A00001,60,24,2500
205,18,3,20250602,A00621,2,15,5000
55,17,2,20250819,A00974,14,21,4000
98,5,5,20250506,A00502,14,21,4000
274,2,2,20250530,A00611,1,15,4500
223,3,3,20251121,A01350,20,31,3500
49,15,5,20250614,A00686,2,24,3500
80,13,3,20251118,A01327,18,14,2500
119,2,2,20250402,A00371,20,13,4500
48,4,1,20250923,A01116,30,24,3000
271,13,3,20251024,A01238,45,16,2500
140,14,4,20250716,A00827,40,9,4500
219,11,1,20250916,A01090,143,35,4000
64,4,1,20250307,A00256,53,23,3000
261,20,5,20251103,A01273,16,10,4500
51,13,3,20250205,A00137,24,17,2500
105,10,2,20250604,A00633,5,23,3000
277,14,4,20251117,A01323,12,25,4500
44,5,5,20250818,A00970,8,27,4000
89,1,1,20251205,A01402,21,20,2500
189,13,3,20251030,A01258,57,27,2500
259,20,5,20251014,A01188,18,22,4500
228,13,5,20251002,A01154,16,12,2500
7,9,4,20251025,A01241,60,35,3500
182,15,5,20250520,A00572,4,33,3500
175,14,4,20250114,A00048,67,19,4500
8,8,3,20251025,A01240,28,11,4500
172,12,2,20250527,A00599,4,18,5000
73,20,5,20250227,A00227,0,21,4500
32,20,5,20251020,A01221,10,29,4500
170,6,1,20250419,A00434,28,17,5000
215,13,3,20250623,A00722,12,32,2500
206,9,4,20250415,A00421,18,28,3500
125,13,5,20250405,A00390,7,26,2500
5,17,2,20251126,A01369,16,12,4000
186,9,4,20251224,A01471,12,17,3500
238,12,2,20251023,A01234,55,24,5000
134,1,1,20250507,A00505,43,14,2500
168,2,2,20250313,A00285,180,9,4500
100,18,3,20250113,A00042,42,29,5000
163,12,2,20251029,A01252,32,26,5000
25,6,1,20250714,A00815,3,26,5000
74,2,2,20250616,A00689,154,19,4500
109,12,2,20250317,A00297,8,30,5000
172,5,5,20250402,A00376,16,29,4000
5,15,5,20250109,A00027,36,8,3500
22,14,4,20251220,A01462,3,18,4500
107,18,3,20250320,A00317,55,26,5000
289,20,5,20250218,A00184,7,15,4500
102,11,1,20250228,A00228,1,27,4000
92,4,4,20250416,A00427,7,9,3000
106,2,2,20250321,A00318,55,26,4500
232,4,1,20250813,A00948,36,28,3000
158,18,3,20251230,A01493,51,17,5000
37,11,1,20250611,A00670,19,24,4000
201,2,2,20250322,A00323,50,30,4500
273,15,5,20250422,A00452,12,30,3500
274,20,5,20250731,A00894,27,23,4500
204,9,4,20251126,A01370,1,19,3500
129,10,5,20250110,A00036,17,25,3000
215,9,4,20250819,A00975,47,16,3500
9,9,4,20250412,A00411,22,30,3500
158,7,2,20250408,A00397,180,10,2500
134,3,3,20250621,A00717,43,23,3500
244,20,5,20250422,A00453,42,31,4500
159,9,4,20251205,A01405,28,16,3500
96,1,1,20250717,A00828,17,27,2500
228,18,3,20250313,A00287,39,11,5000
49,15,5,20250523,A00589,25,12,3500
259,3,3,20251030,A01256,12,14,3500
285,6,1,20250122,A00074,22,26,5000
120,17,2,20250421,A00442,19,22,4000
281,6,1,20250809,A00933,82,33,5000
191,9,4,20250326,A00340,10,14,3500
74,20,5,20250610,A00668,100,19,4500
97,8,3,20251022,A01233,38,20,4500
106,11,1,20251212,A01430,10,13,4000
181,18,3,20251206,A01413,41,27,5000
147,17,2,20250301,A00236,3,24,4000
167,19,4,20250724,A00867,12,25,2500
253,20,5,20250930,A01146,2,8,4500
114,6,1,20251011,A01178,0,31,5000
291,6,1,20250605,A00637,77,14,5000
178,14,4,20250117,A00057,8,30,4500
97,20,5,20250916,A01095,12,22,4500
35,18,3,20250820,A00979,7,12,5000
265,15,5,20251009,A01173,33,23,3500
6,20,5,20250830,A01025,21,28,4500
131,19,4,20250517,A00557,47,9,2500
64,10,2,20250701,A00755,103,13,3000
263,8,3,20250901,A01030,49,31,4500
68,1,1,20250520,A00561,106,33,2500
18,20,5,20250717,A00835,80,35,4500
270,18,3,20250122,A00077,3,31,5000
217,7,4,20250715,A00822,40,27,2500
287,3,3,20250519,A00559,20,19,3500
70,5,5,20251218,A01455,1,11,4000
207,2,2,20251022,A01229,49,8,4500
138,3,3,20250719,A00845,4,24,3500
6,5,5,20250319,A00312,89,29,4000
79,19,1,20250711,A00803,24,35,2500
96,8,3,20251017,A01200,25,20,4500
170,1,1,20250926,A01126,104,18,2500
158,12,2,20250901,A01027,40,11,5000
13,13,3,20250403,A00380,40,21,2500
106,12,2,20250825,A00998,5,28,5000
11,4,4,20251015,A01195,8,10,3000
298,10,2,20250903,A01035,11,25,3000
202,17,2,20250212,A00158,10,24,4000
223,15,5,20250823,A00997,29,21,3500
282,20,5,20250513,A00536,26,26,4500
48,1,1,20250623,A00718,10,17,2500
140,18,3,20250312,A00280,23,16,5000
267,4,1,20250827,A01010,17,33,3000
91,19,4,20251217,A01448,7,24,2500
75,10,2,20250818,A00966,13,25,3000
71,11,1,20250612,A00676,3,20,4000
289,7,2,20250610,A00660,68,29,2500
213,12,2,20250703,A00764,5,30,5000
165,15,5,20250607,A00652,0,24,3500
125,6,1,20250516,A00551,55,8,5000
297,19,4,20250724,A00868,24,11,2500
252,19,4,20250821,A00986,6,31,2500
159,8,3,20250507,A00510,6,13,4500
221,4,4,20250314,A00291,15,23,3000
223,1,3,20251015,A01192,9,31,2500
218,11,1,20250708,A00786,13,12,4000
18,18,3,20251114,A01316,56,34,5000
168,20,5,20251201,A01387,7,8,4500
285,14,4,20250214,A00175,15,13,4500
68,8,3,20250703,A00767,13,33,4500
53,12,2,20250930,A01142,58,21,5000
151,1,3,20250115,A00050,72,15,2500
52,16,3,20250307,A00260,2,34,3000
170,9,4,20251225,A01478,26,30,3500
238,15,5,20250909,A01066,5,19,3500
77,14,4,20251224,A01472,59,18,4500
35,14,4,20250416,A00429,47,22,4500
207,1,3,20250403,A00378,4,12,2500
256,3,3,20250526,A00596,30,15,3500
233,8,3,20251117,A01321,0,32,4500
54,2,2,20250602,A00620,37,12,4500
241,1,1,20250304,A00245,30,8,2500
175,20,5,20250825,A01003,13,31,4500
89,12,2,20250423,A00455,137,29,5000
263,18,3,20250603,A00627,85,12,5000
82,19,1,20250927,A01130,62,13,2500
147,15,5,20250906,A01515,52,19,3500
62,10,5,20250515,A00548,10,32,3000
86,11,1,20251128,A01376,26,31,4000
77,14,4,20251030,A01259,28,20,4500
16,1,1,20250308,A00264,89,35,2500
260,11,1,20250201,A00120,18,12,4000
181,11,1,20250206,A00139,35,18,4000
171,11,1,20250418,A00431,46,29,4000
42,12,2,20250614,A00682,6,25,5000
217,1,3,20250816,A00963,79,17,2500
17,16,3,20251103,A01270,6,12,3000
193,9,4,20250510,A00526,51,31,3500
60,5,5,20250401,A00367,8,13,4000
66,10,2,20250723,A00860,0,14,3000
95,8,3,20250121,A00068,21,9,4500
110,14,4,20250815,A00959,30,33,4500
63,5,5,20250705,A00779,1,12,4000
173,13,5,20250818,A00972,25,21,2500
280,19,4,20250515,A00547,103,21,2500
171,19,1,20251120,A01341,62,12,2500
250,2,2,20250807,A00920,2,35,4500
172,1,1,20250308,A00265,131,19,2500
286,16,3,20251118,A01329,9,16,3000
17,10,5,20250906,A01057,7,23,3000
27,14,4,20250505,A00497,11,8,4500
126,20,5,20250826,A01009,2,32,4500
148,13,5,20250219,A00190,9,33,2500
99,13,3,20250327,A00343,6,19,2500
165,13,3,20250227,A00225,32,8,2500
178,7,2,20250816,A00962,23,28,2500
124,2,2,20250303,A00240,5,23,4500
198,1,3,20250130,A00112,11,8,2500
163,18,3,20250207,A00144,37,30,5000
236,2,2,20250423,A00454,27,16,4500
102,13,5,20251006,A01163,180,29,2500
251,18,3,20250214,A00174,42,27,5000
225,10,5,20251121,A01353,10,26,3000
189,19,4,20251204,A01400,3,21,2500
198,13,5,20250128,A00102,50,28,2500
190,15,5,20250225,A00219,36,28,3500
106,18,3,20250929,A01140,1,20,5000
37,19,1,20250106,A00020,15,27,2500
217,12,2,20250718,A00837,89,25,5000
173,7,4,20251212,A01432,12,34,2500
203,14,4,20251229,A01488,34,17,4500
142,7,2,20250604,A00632,78,24,2500
44,19,1,20250405,A00388,19,16,2500
71,2,2,20250708,A00787,13,9,4500
165,16,1,20250827,A01011,8,31,3000
197,18,3,20251018,A01212,21,16,5000
205,19,4,20250308,A00267,68,12,2500
182,6,1,20250930,A01141,0,22,5000
232,1,3,20250503,A00492,0,11,2500
139,5,5,20250113,A00045,8,23,4000
230,18,3,20250822,A00992,4,23,5000
298,10,2,20250304,A00248,28,33,3000
12,9,4,20250418,A00433,161,33,3500
273,1,3,20251203,A01394,26,35,2500
7,6,1,20250910,A01067,68,24,5000
168,14,4,20250512,A00531,24,24,4500
183,19,4,20250911,A01072,13,30,2500
199,14,4,20251004,A01160,9,15,4500
54,20,5,20250523,A00590,17,21,4500
199,19,1,20250524,A00591,14,29,2500
128,17,2,20250425,A00463,137,17,4000
152,13,3,20250201,A00122,9,27,2500
264,19,1,20251126,A01367,75,13,2500
249,5,5,20250428,A00473,48,27,4000
11,10,2,20251118,A01325,19,21,3000
226,8,3,20251030,A01257,0,24,4500
296,2,2,20250616,A00690,24,16,4500
260,3,3,20250728,A00882,15,22,3500
35,11,1,20251011,A01179,25,10,4000
235,2,2,20251013,A01182,14,26,4500
292,15,5,20250515,A00549,105,18,3500
130,7,4,20251208,A01419,7,20,2500
48,16,3,20250520,A00569,61,29,3000
175,2,2,20250819,A00973,46,33,4500
37,8,3,20250508,A00513,2,29,4500
70,18,3,20250319,A00311,0,35,5000
81,13,3,20250524,A00593,6,29,2500
169,18,3,20251023,A01235,17,26,5000
116,6,1,20251121,A01345,2,10,5000
256,18,3,20250224,A00207,67,28,5000
250,9,4,20251231,A01498,9,25,3500
153,9,4,20250123,A00082,34,34,3500
14,13,5,20251212,A01434,41,23,2500
18,6,1,20250304,A00246,2,17,5000
70,8,3,20250917,A01100,78,14,4500
154,20,5,20250317,A00301,50,24,4500
86,6,1,20250906,A01053,11,8,5000
146,13,5,20250625,A00736,1,12,2500
273,16,1,20250812,A00943,10,19,3000
193,16,3,20251015,A01194,48,21,3000
55,8,3,20250823,A00993,14,18,4500
49,8,3,20250103,A00011,6,13,4500
165,4,1,20250426,A00466,55,19,3000
48,4,1,20251218,A01449,11,15,3000
150,10,5,20250402,A00377,16,11,3000
94,9,4,20250125,A00093,28,31,3500
54,7,2,20250919,A01108,28,31,2500
5,18,3,20251217,A01446,7,31,5000
31,2,2,20250522,A00577,50,29,4500
97,8,3,20250307,A00259,20,35,4500
278,14,4,20250815,A00960,34,12,4500
227,9,4,20250517,A00556,58,19,3500
101,12,2,20250225,A00212,34,20,5000
51,6,1,20250125,A00089,124,20,5000
238,7,4,20250719,A00847,63,17,2500
221,16,3,20250225,A00216,29,32,3000
184,17,2,20250807,A00923,27,33,4000
30,13,5,20250531,A00614,1,30,2500
17,10,5,20250911,A01074,108,28,3000
2,6,1,20251213,A01436,30,27,5000
61,9,4,20250702,A00761,34,12,3500
273,7,4,20250731,A00893,17,12,2500
158,14,4,20250401,A00365,24,24,4500
219,14,4,20251118,A01331,4,33,4500
102,19,4,20250423,A00457,7,8,2500
218,6,1,20250521,A00573,34,25,5000
28,17,2,20250703,A00765,1,15,4000
236,1,3,20250802,A00902,14,23,2500
165,9,4,20250227,A00226,1,13,3500
28,9,4,20251105,A01279,19,20,3500
261,11,1,20251029,A01251,10,27,4000
147,14,4,20250102,A00009,84,31,4500
104,15,5,20250710,A00801,31,23,3500
29,11,1,20250213,A00165,38,34,4000
273,19,1,20251215,A01440,34,25,2500
152,12,2,20250110,A00033,41,14,5000
40,8,3,20251107,A01292,1,20,4500
278,19,4,20251204,A01401,33,27,2500
110,1,3,20250125,A01501,21,31,2500
54,1,3,20250603,A00625,23,8,2500
118,5,5,20251114,A01317,27,25,4000
114,13,5,20250618,A00706,36,24,2500
274,11,1,20250722,A00855,6,20,4000
133,6,1,20250411,A00405,14,9,5000
88,7,2,20250913,A01081,42,32,2500
72,15,5,20250531,A00615,120,31,3500
245,15,5,20250421,A00447,0,34,3500
160,20,5,20251208,A01423,20,19,4500
169,3,3,20250322,A00324,76,13,3500
28,14,4,20251025,A01242,1,24,4500
249,19,4,20250823,A00996,52,15,2500
125,8,3,20250829,A01021,4,33,4500
164,18,3,20250721,A00852,59,16,5000
123,8,3,20250718,A00839,37,29,4500
74,5,5,20250102,A00010,71,17,4000
179,8,3,20250818,A00968,76,21,4500
160,14,4,20250405,A00389,11,29,4500
295,4,1,20250122,A00073,50,17,3000
28,19,4,20250607,A00651,36,30,2500
174,20,5,20250401,A00369,1,14,4500
117,4,1,20250620,A00714,46,20,3000
234,2,2,20251031,A01261,105,14,4500
277,14,4,20250821,A00985,32,27,4500
39,11,1,20250906,A01054,29,28,4000
189,4,4,20251208,A01418,46,18,3000
120,3,3,20250217,A00179,27,27,3500
110,9,4,20250704,A00772,28,32,3500
111,9,4,20250412,A00412,86,28,3500
89,8,3,20250603,A00626,20,18,4500
221,16,1,20250313,A00283,30,14,3000
97,2,2,20251230,A01491,24,14,4500
191,7,2,20250108,A00023,20,32,2500
258,20,5,20250821,A00988,57,35,4500
174,2,2,20250520,A00564,20,16,4500
88,6,1,20250721,A00849,33,30,5000
248,14,4,20250514,A00541,11,23,4500
267,4,1,20250523,A00583,106,20,3000
17,16,1,20251111,A01301,45,27,3000
21,18,3,20250424,A00459,72,28,5000
46,16,3,20250419,A00437,80,13,3000
182,18,3,20250124,A00086,16,21,5000
178,14,4,20250616,A00699,2,27,4500
36,15,5,20251111,A01304,11,21,3500
113,20,5,20250610,A00669,6,20,4500
58,5,5,20250503,A00494,1,32,4000
128,13,5,20250322,A00325,48,25,2500
72,5,5,20250614,A00685,16,35,4000
51,11,1,20250516,A00552,91,24,4000
23,1,1,20250304,A00244,8,9,2500
125,20,5,20250923,A01119,32,33,4500
294,11,1,20250214,A00169,36,17,4000
249,5,5,20250324,A00331,71,27,4000
297,4,1,20250909,A01064,68,32,3000
62,4,1,20250627,A00741,31,14,3000
229,10,5,20251229,A01489,52,16,3000
182,18,3,20250307,A00262,80,16,5000
181,13,3,20250712,A00812,57,8,2500
277,12,2,20251104,A01274,54,17,5000
253,13,5,20251027,A01246,28,24,2500
118,1,3,20251022,A01231,5,25,2500
290,6,1,20250222,A00200,0,11,5000
243,1,3,20251211,A01427,64,14,2500
164,11,1,20250607,A00648,10,24,4000
160,3,3,20250830,A01024,4,16,3500
284,3,3,20250618,A00703,66,26,3500
255,16,3,20250219,A00187,3,17,3000
297,16,3,20250915,A01088,68,10,3000
226,5,5,20250409,A00402,24,19,4000
252,9,4,20250809,A00935,6,27,3500
22,6,1,20250722,A00854,18,11,5000
10,20,5,20250708,A00794,34,21,4500
245,7,4,20251219,A01459,18,19,2500
85,14,4,20250528,A00606,4,19,4500
112,13,5,20251001,A01149,74,8,2500
103,4,1,20250123,A00078,9,10,3000
93,13,5,20250509,A00519,6,34,2500
62,16,3,20251117,A01322,86,19,3000
262,12,2,20250627,A00745,1,35,5000
67,14,4,20250809,A00936,64,14,4500
286,10,5,20250225,A00218,63,26,3000
185,11,1,20251009,A01171,14,11,4000
97,19,1,20251212,A01431,13,20,2500
259,20,5,20250612,A00680,17,21,4500
178,18,3,20250724,A00866,34,15,5000
119,7,4,20250123,A00081,13,9,2500
244,19,4,20251226,A01482,30,28,2500
59,2,2,20250904,A01038,16,12,4500
191,20,5,20251215,A01441,31,31,4500
207,5,5,20251103,A01272,33,18,4000
198,6,1,20251010,A01174,2,26,5000
130,9,4,20250101,A00004,4,15,3500
52,3,3,20250212,A00160,10,28,3500
240,16,1,20250426,A00468,12,33,3000
151,10,5,20251231,A01500,17,14,3000
86,18,3,20250515,A00546,19,17,5000
249,8,3,20250808,A00931,9,13,4500
51,9,4,20250222,A00202,1,34,3500
48,10,2,20250123,A00080,53,30,3000
10,11,1,20250808,A00930,10,9,4000
121,6,1,20251114,A01313,24,23,5000
299,11,1,20251106,A01282,42,20,4000
249,7,2,20250828,A01015,61,29,2500
10,5,5,20250402,A00374,40,20,4000
68,2,2,20250222,A00201,28,32,4500
93,17,2,20250527,A00600,18,21,4000
122,5,5,20250503,A00495,4,21,4000
21,8,3,20251203,A01395,80,29,4500
122,18,3,20250404,A00387,39,16,5000
149,9,4,20250828,A01017,43,21,3500
130,3,3,20251107,A01291,22,9,3500
4,12,2,20251110,A01297,1,23,5000
128,1,3,20250311,A00276,24,9,2500
50,2,2,20250118,A00059,17,20,4500
103,16,1,20251230,A01490,90,25,3000
183,6,1,20251222,A01464,23,25,5000
153,16,1,20250829,A01019,7,11,3000
90,10,2,20251126,A01368,11,30,3000
292,2,2,20251009,A01172,0,14,4500
191,18,3,20250415,A00420,99,29,5000
90,16,3,20251121,A01351,45,24,3000
295,15,5,20251119,A01339,28,11,3500
9,9,4,20250520,A00571,32,15,3500
96,19,4,20250103,A00015,32,35,2500
5,15,5,20250103,A00016,26,28,3500
179,14,4,20250124,A00087,43,20,4500
174,19,1,20250522,A00576,5,26,2500
20,5,5,20250326,A00341,180,33,4000
283,1,3,20250708,A00788,15,27,2500
138,14,4,20250923,A01117,4,16,4500
119,1,1,20250414,A00415,73,32,2500
66,10,2,20250306,A00255,48,30,3000
185,5,5,20250911,A01073,16,33,4000
155,17,2,20250108,A00025,7,15,4000
255,16,3,20250204,A00130,96,19,3000
178,13,3,20250728,A00883,41,29,2500
266,10,5,20251101,A01267,46,13,3000
63,5,5,20250319,A00314,28,25,4000
264,16,3,20250307,A00261,18,19,3000
55,9,4,20250117,A00056,7,26,3500
228,20,5,20250429,A00482,76,23,4500
141,8,3,20250412,A00410,5,22,4500
127,20,5,20250724,A00869,30,31,4500
33,4,1,20250118,A00058,46,30,3000
149,4,4,20250208,A00148,13,17,3000
137,20,5,20250324,A00333,8,25,4500
218,12,2,20250502,A00488,1,27,5000
61,15,5,20250620,A00716,59,16,3500
50,11,1,20251021,A01222,3,19,4000
200,11,1,20250623,A01505,19,9,4000
3,20,5,20250303,A00242,13,25,4500
295,4,1,20250222,A00199,2,12,3000
35,20,5,20251013,A01183,12,22,4500
1,1,3,20250811,A00939,34,32,2500
258,3,3,20251229,A01486,109,15,3500
218,20,5,20250916,A01096,0,34,4500
31,18,3,20250502,A00490,32,17,5000
153,4,4,20251023,A01236,180,16,3000
103,13,3,20250918,A01104,57,12,2500
266,3,3,20250805,A00909,82,27,3500
290,6,1,20250301,A00232,34,30,5000
123,13,3,20250208,A00146,33,12,2500
47,6,1,20250704,A00769,8,21,5000
196,3,3,20250731,A00891,33,27,3500
277,11,1,20250513,A00533,1,11,4000
37,17,2,20251002,A01152,9,32,4000
1,11,1,20250110,A00028,8,19,4000
165,16,3,20251017,A01201,8,26,3000
169,8,3,20250221,A00195,79,32,4500
146,1,1,20250802,A00900,5,27,2500
263,15,5,20250627,A00748,56,14,3500
67,20,5,20250709,A00797,2,26,4500
221,16,3,20251120,A01344,95,23,3000
92,9,4,20250616,A00697,131,19,3500
85,7,2,20250822,A01513,16,15,2500
295,10,2,20250113,A00041,52,34,3000
207,3,3,20250829,A01020,21,8,3500
84,17,2,20250124,A00085,102,18,4000
56,9,4,20250527,A00601,27,28,3500
66,4,4,20251211,A01428,117,15,3000
19,10,5,20250422,A00450,11,12,3000
29,14,4,20250522,A00582,10,11,4500
190,18,3,20250920,A01112,18,21,5000
40,20,5,20250308,A00268,17,22,4500
220,11,1,20251119,A01334,8,27,4000
38,18,3,20250804,A00906,115,25,5000
207,20,5,20251007,A01168,72,22,4500
25,1,3,20250731,A00889,3,27,2500
287,18,3,20250616,A00696,17,11,5000
203,17,2,20250522,A00578,55,8,4000
157,10,5,20250904,A01042,15,27,3000
222,7,2,20250514,A00538,24,24,2500
181,19,1,20250512,A00530,91,17,2500
297,10,5,20251124,A01357,22,11,3000
184,11,1,20250726,A00875,3,20,4000
70,9,4,20250708,A00792,1,12,3500
198,13,3,20250402,A00372,0,21,2500
70,1,1,20250312,A00278,40,17,2500
5,14,4,20250318,A00306,37,28,4500
248,19,1,20250301,A00233,29,21,2500
121,2,2,20251031,A01260,82,13,4500
127,9,4,20250109,A00026,31,31,3500
245,15,5,20250814,A00958,20,28,3500
285,17,2,20250717,A00832,141,15,4000
2,8,3,20250528,A00604,2,18,4500
270,6,1,20250703,A00763,13,20,5000
214,12,2,20250626,A00737,12,33,5000
261,20,5,20250426,A00470,35,25,4500
231,17,2,20251014,A01185,108,19,4000
122,1,1,20251222,A01463,24,33,2500
34,7,2,20250102,A00006,39,34,2500
72,7,4,20251014,A01186,27,14,2500
238,15,5,20250930,A01145,10,20,3500
221,1,1,20250218,A00181,56,28,2500
187,13,5,20251028,A01250,33,11,2500
300,18,3,20250610,A00663,36,12,5000
262,1,3,20250526,A00595,41,32,2500
92,4,4,20250224,A00208,23,17,3000
283,8,3,20250731,A00892,85,33,4500
205,17,2,20251110,A01299,11,17,4000
293,2,2,20251016,A01196,22,20,4500
224,3,3,20251208,A01417,76,35,3500
49,11,1,20251015,A01189,35,16,4000
196,17,2,20250714,A00818,45,10,4000
176,20,5,20250313,A00289,28,23,4500
174,13,3,20251231,A01496,29,22,2500
252,8,3,20250419,A00436,40,15,4500
87,12,2,20250807,A00921,70,22,5000
284,9,4,20250925,A01125,16,27,3500
151,19,4,20250812,A00946,15,14,2500
82,2,2,20250128,A00097,14,23,4500
163,8,3,20250120,A00062,12,20,4500
233,20,5,20251017,A01206,29,13,4500
294,17,2,20251206,A01409,64,30,4000
267,9,4,20250820,A00980,14,28,3500
52,10,2,20250306,A00254,31,22,3000
255,10,2,20250520,A00566,1,13,3000
57,20,5,20250303,A00243,55,13,4500
6,19,1,20250908,A01061,9,35,2500
96,9,4,20250718,A00841,5,23,3500
232,7,4,20250825,A00999,3,35,2500
63,18,3,20250122,A00076,13,10,5000
171,14,4,20250616,A00698,43,14,4500
283,14,4,20251128,A01381,131,25,4500
224,5,5,20250709,A00796,7,23,4000
102,6,1,20250125,A00090,7,15,5000
145,13,3,20250125,A00092,20,20,2500
113,7,4,20251107,A01293,156,34,2500
179,15,5,20251227,A01485,10,12,3500
36,18,3,20250916,A01094,13,13,5000
255,19,1,20250523,A00584,2,29,2500
169,11,1,20250304,A00247,25,18,4000
232,4,1,20250517,A00554,11,31,3000
278,12,2,20250228,A00230,9,31,5000
96,8,3,20251213,A01438,167,8,4500
60,17,2,20250508,A00512,6,28,4000
8,14,4,20250805,A00910,1,32,4500
207,2,2,20250725,A00870,2,15,4500
122,19,4,20250614,A00684,49,28,2500
37,2,2,20250609,A00655,1,28,4500
16,1,3,20250619,A00711,18,31,2500
75,1,3,20250308,A00266,30,27,2500
203,6,1,20250710,A00798,29,26,5000
145,9,4,20250918,A01106,9,8,3500
182,1,3,20250422,A00448,7,12,2500
271,16,3,20250327,A00344,19,9,3000
57,19,4,20250331,A00361,12,29,2500
142,4,1,20251201,A01384,16,24,3000
44,13,5,20250820,A00982,31,22,2500
296,2,2,20250306,A00253,2,10,4500
118,1,1,20250812,A00941,18,30,2500
86,2,2,20250611,A00671,9,34,4500
183,6,1,20251114,A01314,57,26,5000
211,1,1,20250911,A01069,4,17,2500
137,13,3,20251203,A01396,7,10,2500
202,14,4,20250829,A01023,15,13,4500
110,6,1,20251112,A01305,18,27,5000
1,9,4,20250825,A01000,0,8,3500
118,2,2,20250210,A00153,159,25,4500
69,11,1,20250129,A00103,5,27,4000
3,12,2,20251127,A01371,14,9,5000
104,4,1,20250627,A00742,114,18,3000
248,19,1,20251120,A01342,91,15,2500
63,6,1,20250429,A00476,35,11,5000
149,10,2,20250609,A00656,14,13,3000
163,18,3,20250606,A00647,11,31,5000
108,18,3,20250716,A00826,52,26,5000
118,14,4,20250526,A00597,0,30,4500
240,16,1,20250207,A00141,7,30,3000
259,11,1,20251015,A01190,58,27,4000
100,9,4,20250410,A00403,12,15,3500
110,19,4,20250208,A00150,27,13,2500
97,18,3,20250710,A00799,19,10,5000
208,11,1,20251006,A01161,4,14,4000
17,10,2,20251111,A01302,5,16,3000
138,5,5,20250912,A01079,14,11,4000
293,9,4,20250324,A00330,73,31,3500
117,10,5,20250502,A00491,9,26,3000
225,13,3,20250103,A00012,97,11,2500
21,7,2,20250724,A00865,0,9,2500
280,14,4,20250725,A00874,4,28,4500
55,9,4,20250130,A00115,146,10,3500
249,8,3,20251128,A01380,132,12,4500
206,3,3,20250104,A00017,44,14,3500
271,7,4,20250225,A00217,13,24,2500
61,11,1,20251021,A01223,26,11,4000
278,20,5,20250628,A00753,22,12,4500
27,18,3,20250408,A00400,60,35,5000
102,17,2,20251208,A01416,2,21,4000
160,17,2,20250326,A00339,21,35,4000
235,17,2,20250408,A00398,36,18,4000
23,15,5,20250902,A01034,31,28,3500
262,5,5,20250801,A00898,16,31,4000
146,12,2,20250515,A00544,7,21,5000
195,11,1,20250818,A00965,4,12,4000
78,1,1,20250306,A00251,45,14,2500
235,13,5,20250814,A00956,47,22,2500
200,5,5,20251223,A01468,29,19,4000
87,11,1,20250322,A00322,27,23,4000
274,18,3,20251003,A01158,37,32,5000
170,20,5,20250605,A00642,95,29,4500
107,12,2,20250225,A00213,1,12,5000
33,10,2,20251231,A01495,15,28,3000
118,11,1,20251020,A01215,27,14,4000
77,6,1,20250711,A00802,10,25,5000
197,3,3,20250226,A00222,3,35,3500
46,15,5,20250129,A00108,52,32,3500
221,10,2,20251018,A01210,14,33,3000
111,16,3,20250523,A00585,26,17,3000
167,2,2,20250912,A01077,32,28,4500
189,15,5,20250927,A01137,8,9,3500
188,14,4,20250917,A01102,57,12,4500
100,20,5,20250301,A00239,39,30,4500
130,6,1,20250210,A00152,51,33,5000
37,12,2,20251112,A01307,77,32,5000
270,17,2,20250203,A00127,109,31,4000
185,7,2,20251108,A01295,23,11,2500
279,18,3,20250924,A01120,17,33,5000
249,8,3,20250711,A00806,3,26,4500
265,9,4,20251208,A01420,8,33,3500
23,14,4,20250506,A00500,5,25,4500
123,9,4,20250505,A00496,15,20,3500
110,6,1,20250326,A00338,28,15,5000
157,10,2,20250818,A00967,37,27,3000
158,17,2,20251011,A01180,32,21,4000
202,6,1,20250718,A00836,28,23,5000
110,12,2,20250723,A00861,63,13,5000
168,14,4,20250609,A00658,5,33,4500
253,6,1,20250102,A00005,2,24,5000
165,10,2,20250325,A00334,30,26,3000
236,12,2,20251022,A01230,27,30,5000
134,9,4,20250416,A00428,79,13,3500
153,4,1,20251204,A01398,89,27,3000
245,11,1,20251017,A01199,60,14,4000
16,2,2,20250711,A00804,33,12,4500
63,14,4,20251212,A01433,28,26,4500
135,11,1,20250604,A00631,51,23,4000
179,19,1,20250717,A00830,16,15,2500
72,17,2,20251015,A01191,87,18,4000
81,1,3,20250628,A01507,55,17,2500
166,19,1,20250919,A01107,15,31,2500
25,3,3,20250213,A00167,19,25,3500
45,6,1,20250111,A00038,22,11,5000
138,1,3,20250626,A00738,4,21,2500
287,11,1,20250224,A00204,59,18,4000
276,12,2,20250610,A00661,15,9,5000
117,4,4,20251104,A01276,20,12,3000
210,10,5,20250429,A00480,25,11,3000
19,10,5,20250726,A00878,32,12,3000
264,15,5,20250422,A00451,13,32,3500
144,2,2,20250127,A00096,28,26,4500
193,10,2,20251021,A01225,22,14,3000
82,3,3,20250930,A01144,50,19,3500
89,11,1,20250417,A00430,15,27,4000
225,7,2,20250704,A00771,3,10,2500
202,19,4,20250604,A00636,40,21,2500
256,11,1,20250324,A00327,9,34,4000
172,14,4,20250806,A00917,29,22,4500
181,5,5,20250222,A00203,17,30,4000
189,15,5,20251018,A01214,14,11,3500
170,3,3,20250214,A00172,1,24,3500
66,10,5,20250610,A00666,35,11,3000
225,4,1,20250220,A00192,10,9,3000
88,17,2,20250618,A00702,26,16,4000
143,7,4,20250717,A00834,26,19,2500
157,13,3,20250315,A00292,14,23,2500
225,4,4,20250226,A00223,80,23,3000
185,19,1,20250214,A00170,40,32,2500
80,9,4,20250715,A00823,9,14,3500
101,7,2,20250203,A00126,26,23,2500
295,16,3,20250624,A00727,4,12,3000
167,5,5,20250419,A00439,14,26,4000
188,9,4,20250528,A00605,37,27,3500
15,14,4,20250107,A00021,141,12,4500
125,8,3,20250708,A00790,7,18,4500
194,13,5,20251208,A01422,23,18,2500
282,9,4,20250102,A00008,103,35,3500
240,15,5,20250611,A00675,55,27,3500
182,7,4,20250228,A00231,28,26,2500
235,14,4,20251217,A01447,10,31,4500
252,14,4,20250624,A00728,70,30,4500
157,10,5,20250328,A00351,70,25,3000
4,14,4,20250204,A00132,32,30,4500
255,10,5,20250313,A00288,74,20,3000
164,8,3,20250317,A00299,20,14,4500
62,1,1,20251203,A01391,7,21,2500
82,17,2,20250307,A00258,55,20,4000
255,3,3,20250320,A00316,22,11,3500
69,11,1,20251018,A01208,12,9,4000
57,18,3,20250625,A00732,14,29,5000
169,17,2,20251225,A01475,86,25,4000
233,15,5,20250814,A00957,62,9,3500
215,2,2,20251225,A01474,15,12,4500
17,10,5,20250809,A00937,44,22,3000
269,20,5,20250905,A01052,67,34,4500
253,19,4,20250415,A00423,26,19,2500
83,2,2,20250628,A00750,180,9,4500
166,7,2,20251206,A01408,20,28,2500
31,3,3,20250806,A00915,11,9,3500
288,10,2,20250711,A00805,9,31,3000
145,15,5,20250206,A00140,29,20,3500
225,4,1,20251106,A01281,4,25,3000
165,16,1,20250203,A00124,39,27,3000
107,12,2,20250826,A01006,11,30,5000
91,14,4,20250710,A00800,42,18,4500
43,19,1,20251108,A01294,33,27,2500
135,17,2,20251016,A01197,9,16,4000
271,4,1,20250319,A00308,22,8,3000
125,12,2,20250331,A00360,1,32,5000
20,17,2,20250901,A01028,8,8,4000
285,12,2,20250201,A00121,6,20,5000
189,16,3,20250218,A00183,9,23,3000
84,11,1,20250707,A00781,19,8,4000
201,14,4,20250328,A00350,25,21,4500
36,1,3,20250524,A00592,21,22,2500
194,14,4,20250514,A00540,7,15,4500
49,14,4,20251020,A01218,132,29,4500
267,19,1,20250408,A00396,36,33,2500
260,12,2,20250325,A00335,39,23,5000
300,5,5,20251218,A01456,4,29,4000
244,7,4,20250409,A00401,4,21,2500
88,18,3,20250110,A00035,111,25,5000
22,18,3,20250807,A00925,21,25,5000
133,2,2,20250404,A00384,30,9,4500
104,16,1,20250905,A01045,114,34,3000
210,7,4,20250508,A00514,41,28,2500
114,7,4,20251106,A01286,19,18,2500
72,7,4,20250312,A00282,29,8,2500
114,2,2,20250110,A00030,97,9,4500
250,3,3,20250913,A01083,13,16,3500
185,7,2,20250328,A00348,1,17,2500
271,4,4,20250612,A00677,20,31,3000
292,2,2,20251208,A01415,88,15,4500
107,20,5,20250219,A00191,14,22,4500
40,5,5,20250402,A00375,11,15,4000
229,16,1,20251125,A01359,93,20,3000
53,13,3,20250313,A00286,13,9,2500
152,14,4,20250116,A00055,15,28,4500
230,20,5,20250203,A00129,0,31,4500
66,4,1,20250705,A00776,43,30,3000
25,2,2,20250219,A00186,46,14,4500
79,10,5,20250813,A00952,32,27,3000
28,9,4,20250403,A00383,19,9,3500
224,12,2,20251107,A01290,9,25,5000
173,2,2,20250520,A00563,22,35,4500
175,6,1,20250828,A01013,83,19,5000
80,9,4,20250620,A00715,6,22,3500
252,12,2,20250129,A00105,7,25,5000
242,19,4,20251231,A01499,3,20,2500
220,1,1,20250806,A00914,132,34,2500
96,7,4,20250301,A00238,28,10,2500
247,18,3,20250113,A00043,51,8,5000
244,13,3,20250611,A00673,55,20,2500
252,11,1,20250208,A00145,76,17,4000
299,7,2,20251227,A01483,38,15,2500
118,19,4,20250226,A00224,43,15,2500
34,18,3,20250404,A00386,23,27,5000
231,17,2,20250718,A00838,35,12,4000
101,7,2,20250228,A00229,39,34,2500
49,1,1,20251107,A01289,37,8,2500
189,1,3,20250321,A00320,28,29,2500
114,14,4,20250924,A01122,52,24,4500
188,12,2,20250516,A00553,82,31,5000
210,3,3,20251216,A01443,5,20,3500
257,2,2,20250130,A00111,6,11,4500
100,1,3,20251119,A01335,2,31,2500
54,7,4,20250317,A00300,9,19,2500
191,12,2,20250625,A00730,24,18,5000
134,12,2,20251007,A01166,41,23,5000
48,10,5,20250329,A00357,11,30,3000
297,16,3,20250905,A01050,29,25,3000
131,20,5,20250328,A00354,35,35,4500
200,6,1,20250816,A00961,11,10,5000
218,13,5,20250307,A00263,5,18,2500
87,19,1,20250628,A00749,34,25,2500
68,1,1,20251030,A01255,22,9,2500
124,19,4,20250823,A00995,12,33,2500
92,10,2,20250917,A01098,8,9,3000
241,15,5,20251014,A01187,35,25,3500
100,9,4,20250912,A01078,1,25,3500
235,6,1,20250130,A00110,19,8,5000
93,5,5,20250927,A01135,56,22,4000
63,3,3,20251121,A01349,13,27,3500
142,16,3,20250909,A01065,2,11,3000
22,13,3,20251020,A01216,4,31,2500
300,19,1,20250310,A00271,21,24,2500
155,17,2,20250714,A00817,0,23,4000
160,11,1,20250510,A00523,28,23,4000
276,7,4,20251020,A01217,13,29,2500
75,16,1,20250822,A00989,180,35,3000
127,5,5,20250913,A01085,41,17,4000
166,14,4,20250401,A00366,52,17,4500
236,19,4,20251106,A01287,28,31,2500
264,4,4,20250625,A00734,84,16,3000
16,12,2,20251129,A01382,7,31,5000
99,12,2,20250307,A00257,0,17,5000
234,2,2,20250801,A00896,40,22,4500
227,15,5,20251218,A01457,66,30,3500
46,4,4,20250407,A00394,9,27,3000
118,17,2,20250605,A00638,9,24,4000
114,5,5,20250326,A00342,8,34,4000
179,17,2,20250526,A00594,170,24,4000
129,4,4,20251216,A01444,5,28,3000
96,15,5,20250311,A00277,0,30,3500
69,11,1,20250813,A00949,20,29,4000
62,3,3,20250925,A01124,6,19,3500
39,3,3,20250522,A00579,9,24,3500
264,4,1,20250716,A00824,60,16,3000
86,14,4,20250801,A00897,60,21,4500
216,9,4,20250213,A00168,12,19,3500
154,18,3,20251223,A01467,28,29,5000
121,14,4,20250501,A00487,31,29,4500
166,7,4,20251016,A01198,20,30,2500
220,17,2,20250114,A00046,58,16,4000
187,4,1,20250812,A00942,6,23,3000
191,13,5,20250812,A00947,34,26,2500
153,16,1,20250212,A00157,16,28,3000
244,2,2,20250519,A00558,39,8,4500
42,2,2,20250814,A00953,11,30,4500
182,19,1,20250905,A01047,53,18,2500
41,5,5,20250329,A00355,3,17,4000
260,7,2,20250709,A00795,12,34,2500
123,12,2,20250210,A00154,156,12,5000
192,8,3,20250207,A00143,10,22,4500
119,9,4,20250911,A01071,24,13,3500
62,4,4,20251112,A01308,15,25,3000
185,12,2,20250501,A00485,2,29,5000
266,16,3,20250110,A00034,41,29,3000
236,14,4,20250425,A00464,32,29,4500
75,7,2,20250607,A00650,50,32,2500
266,10,5,20250531,A00613,80,9,3000
257,13,3,20250723,A00862,31,12,2500
76,18,3,20250918,A01105,56,34,5000
58,1,3,20250624,A00725,7,19,2500
235,11,1,20250627,A00744,111,26,4000
46,16,1,20250402,A00370,51,17,3000
286,15,5,20250124,A00088,12,22,3500
65,13,3,20250814,A00955,25,15,2500
257,6,1,20251126,A01365,17,30,5000
241,11,1,20251224,A01469,5,14,4000
272,5,5,20250712,A00814,56,10,4000
16,15,5,20250508,A00516,106,11,3500
133,18,3,20251031,A01264,20,23,5000
32,1,1,20250414,A00414,60,21,2500
133,17,2,20250930,A01143,25,11,4000
78,12,2,20250205,A00134,37,11,5000
189,4,4,20250725,A00873,7,28,3000
187,16,1,20250110,A00029,39,20,3000
114,3,3,20250719,A00844,18,12,3500
267,10,2,20250925,A01123,39,15,3000
233,13,5,20250328,A00353,13,32,2500
7,6,1,20250926,A01127,32,27,5000
230,11,1,20250624,A00724,74,27,4000
281,5,5,20251010,A01176,31,23,4000
149,10,2,20250314,A00290,28,23,3000
55,6,1,20250619,A00708,3,17,5000
132,19,4,20251206,A01414,32,15,2500
298,1,3,20250712,A00811,15,17,2500
32,2,2,20250318,A00303,18,31,4500
253,7,2,20251031,A01262,31,11,2500
75,16,1,20251008,A01169,154,31,3000
227,9,4,20251129,A01383,32,13,3500
69,8,3,20250318,A00305,5,10,4500
189,4,4,20250212,A00162,4,18,3000
173,19,4,20250726,A00877,56,27,2500
15,15,5,20251101,A01268,31,11,3500
11,16,3,20250114,A00047,24,19,3000
93,14,4,20250118,A00060,141,14,4500
73,13,5,20250129,A00107,13,13,2500
83,12,2,20250110,A00032,15,33,5000
197,15,5,20250915,A01089,85,28,3500
256,6,1,20251007,A01165,48,11,5000
260,17,2,20251220,A01461,65,20,4000
252,6,1,20250723,A00859,5,14,5000
176,9,4,20250719,A00848,48,34,3500
265,8,3,20250415,A00418,48,29,4500
98,17,2,20250901,A01029,27,21,4000
274,13,3,20250101,A00003,5,13,2500
226,20,5,20250819,A00977,73,15,4500
240,13,5,20250224,A00211,1,15,2500
217,6,1,20250324,A00326,64,8,5000
243,17,2,20250207,A00142,42,23,4000
293,18,3,20250219,A00188,5,22,5000
234,20,5,20250711,A00810,44,25,4500
108,6,1,20251205,A01403,80,27,5000
119,1,1,20251120,A01340,1,29,2500
169,7,2,20251112,A01306,30,34,2500
273,15,5,20251020,A01220,33,23,3500
166,20,5,20250531,A00618,12,21,4500
193,16,1,20251215,A01439,16,24,3000
79,10,2,20251006,A01162,35,18,3000
247,15,5,20250614,A00687,15,13,3500
41,17,2,20250515,A00545,9,25,4000
55,3,3,20251117,A01320,22,24,3500
185,8,3,20250904,A01041,50,34,4500
135,8,3,20250903,A01036,49,14,4500
60,13,3,20250807,A00924,14,34,2500
99,12,2,20250721,A00850,17,18,5000
111,16,1,20251004,A01159,21,20,3000
76,17,2,20250717,A00831,41,13,4000
257,14,4,20251020,A01219,16,24,4500
179,17,2,20250529,A00608,24,9,4000
109,18,3,20250103,A00013,7,22,5000
74,12,2,20250311,A00274,11,34,5000
292,7,4,20250402,A00373,2,25,2500
246,4,4,20250712,A00813,15,25,3000
11,10,5,20250121,A00071,57,32,3000
148,9,4,20251205,A01404,55,35,3500
96,13,5,20250128,A00101,34,29,2500
275,12,2,20250927,A01132,20,14,5000
212,3,3,20250702,A00759,3,22,3500
246,16,3,20250616,A00695,3,21,3000
75,10,2,20251120,A01522,93,32,3000
73,20,5,20250512,A00532,17,10,4500
162,14,4,20250619,A00712,0,16,4500
189,16,3,20251118,A01328,48,25,3000
258,6,1,20250801,A00895,3,33,5000
168,8,3,20251106,A01284,0,29,4500
159,2,2,20251122,A01354,56,16,4500
191,18,3,20250625,A00733,33,26,5000
171,12,2,20250124,A00084,21,27,5000
5,12,2,20250929,A01138,16,21,5000
102,3,3,20250422,A00449,74,35,3500
236,13,5,20250421,A00446,29,16,2500
211,13,5,20251212,A01435,21,26,2500
128,5,5,20250415,A00424,13,8,4000
252,13,3,20250208,A00147,32,14,2500
221,4,4,20250806,A00916,16,27,3000
47,12,2,20250811,A00938,16,21,5000
90,3,3,20250403,A00379,18,17,3500
259,12,2,20251003,A01156,11,15,5000
230,17,2,20250616,A00694,15,29,4000
140,18,3,20250606,A00646,6,17,5000
32,14,4,20250423,A00456,32,16,4500
68,1,1,20250322,A00321,42,25,2500
267,16,3,20251226,A01481,39,19,3000
110,8,3,20250823,A00994,31,21,4500
44,2,2,20250121,A00067,118,16,4500
249,18,3,20250717,A00833,12,29,5000
269,19,1,20251128,A01378,76,11,2500
146,18,3,20251121,A01352,12,19,5000
101,9,4,20250315,A00293,20,8,3500
104,10,5,20250331,A00362,74,28,3000
198,9,4,20251122,A01355,46,19,3500
27,7,2,20251121,A01348,21,34,2500
63,17,2,20250929,A01139,43,10,4000
10,14,4,20251125,A01362,22,32,4500
194,11,1,20250912,A01075,39,14,4000
247,7,2,20251218,A01450,32,9,2500
247,14,4,20250120,A00064,33,23,4500
105,4,4,20250304,A00250,34,34,3000
55,8,3,20251118,A01326,18,8,4500
293,1,3,20250111,A00039,8,16,2500
238,20,5,20250510,A00528,42,24,4500
16,11,1,20250116,A00053,22,32,4000
269,8,3,20250130,A00113,43,18,4500
146,8,3,20250916,A01093,2,21,4500
270,2,2,20250905,A01048,68,34,4500
27,12,2,20250421,A00441,25,24,5000
204,9,4,20250414,A00417,56,18,3500
33,16,3,20250502,A00489,0,24,3000
246,16,1,20250912,A01076,51,29,3000
52,10,2,20250919,A01109,10,32,3000
190,6,1,20250201,A00119,10,12,5000
87,2,2,20251121,A01346,5,31,4500
105,16,3,20250121,A00070,0,34,3000
219,12,2,20251028,A01249,33,11,5000
134,15,5,20251127,A01374,45,9,3500
154,20,5,20250405,A00391,23,19,4500
241,9,4,20250410,A00404,10,25,3500
179,2,2,20250904,A01039,0,22,4500
214,8,3,20251127,A01373,4,24,4500
181,1,3,20251022,A01232,18,17,2500
147,8,3,20250714,A00819,3,23,4500
216,14,4,20250807,A00927,0,19,4500
259,11,1,20250419,A00435,32,12,4000
116,2,2,20250715,A00821,145,35,4500
209,3,3,20250926,A01128,63,33,3500
64,9,4,20251230,A01494,29,34,3500
38,1,1,20251110,A01296,28,21,2500
68,13,3,20250604,A00634,55,19,2500
265,2,2,20251125,A01360,19,16,4500
83,11,1,20250218,A00182,3,34,4000
117,10,2,20250520,A00565,46,10,3000
119,7,2,20251226,A01479,20,34,2500
293,7,4,20250419,A00438,20,35,2500
39,12,2,20250905,A01049,72,34,5000
71,19,1,20250807,A00918,27,22,2500
261,17,2,20250205,A00136,3,34,4000
184,15,5,20250906,A01059,13,30,3500
165,10,2,20250110,A00031,66,14,3000
222,13,3,20251201,A01385,54,15,2500
153,16,1,20250820,A00978,76,25,3000
40,1,1,20251003,A01155,49,9,2500
223,12,2,20250220,A00193,40,17,5000
106,14,4,20251218,A01454,15,33,4500
209,8,3,20250510,A00524,5,10,4500
241,20,5,20250905,A01051,19,23,4500
34,6,1,20250917,A01097,17,19,5000
42,14,4,20250829,A01022,50,17,4500
54,15,5,20250509,A00520,36,16,3500
78,17,2,20250916,A01092,24,9,4000
205,15,5,20250129,A00109,15,24,3500
290,2,2,20250115,A00049,2,25,4500
160,8,3,20250809,A00934,34,33,4500
24,15,5,20251021,A01227,14,12,3500
246,7,2,20250424,A00458,30,22,2500
129,16,1,20250312,A00279,33,27,3000
175,11,1,20251204,A01399,8,20,4000
292,17,2,20251114,A01315,17,14,4000
191,20,5,20250920,A01113,5,29,4500
137,8,3,20250716,A00825,4,28,4500
207,12,2,20250628,A00751,16,9,5000
178,9,4,20250208,A00149,26,30,3500
118,17,2,20250627,A00746,115,15,4000
58,13,3,20251029,A01253,46,27,2500
153,4,1,20250630,A00754,19,17,3000
288,15,5,20250212,A00164,63,32,3500
283,9,4,20250315,A00294,19,21,3500
257,15,5,20250804,A00907,29,14,3500
267,4,4,20250807,A00926,82,28,3000
236,7,4,20250812,A00945,41,34,2500
123,11,1,20251018,A01209,73,15,4000
12,2,2,20250828,A01014,24,35,4500
193,16,3,20251229,A01487,26,23,3000
229,16,3,20250404,A00385,35,9,3000
42,20,5,20250412,A00413,46,11,4500
19,4,1,20250122,A00072,43,24,3000
164,9,4,20250610,A00664,21,18,3500
116,8,3,20250408,A00399,9,29,4500
269,15,5,20250612,A00678,99,23,3500
265,11,1,20250707,A00782,17,28,4000
193,10,5,20250421,A00444,9,34,3000
107,7,2,20251209,A01424,1,13,2500
138,9,4,20250224,A00209,0,31,3500
215,20,5,20251125,A01364,132,25,4500
33,16,1,20250426,A00467,25,14,3000
256,19,4,20250603,A00628,18,11,2500
179,3,3,20251119,A01337,47,27,3500
163,12,2,20251218,A01451,24,12,5000
79,4,4,20250128,A00099,2,9,3000
87,17,2,20251014,A01184,11,22,4000
84,3,3,20251031,A01263,13,32,3500
114,5,5,20250906,A01056,9,12,4000
27,6,1,20250512,A00529,52,23,5000
253,17,2,20251225,A01476,36,8,4000
82,1,3,20250513,A00534,26,29,2500
46,10,5,20250123,A00083,32,30,3000
262,18,3,20250312,A00281,41,31,5000
47,8,3,20250618,A00704,23,14,4500
149,16,1,20251206,A01407,2,35,3000
290,18,3,20250802,A00903,38,13,5000
293,14,4,20250703,A00768,92,30,4500
260,17,2,20251202,A01388,46,28,4000
108,11,1,20251125,A01358,8,9,4000
204,18,3,20250507,A00511,61,26,5000
198,12,2,20250916,A01091,108,19,5000
212,14,4,20250828,A01018,60,19,4500
291,8,3,20250902,A01032,2,14,4500
222,9,4,20250415,A00422,79,27,3500
272,13,5,20250514,A00542,86,30,2500
200,14,4,20250610,A00665,19,11,4500
121,8,3,20250822,A00991,52,8,4500
225,15,5,20250906,A01060,12,18,3500
250,2,2,20251121,A01347,4,32,4500
7,14,4,20251008,A01170,9,12,4500
235,6,1,20251213,A01437,15,26,5000
285,17,2,20251226,A01480,6,9,4000
180,14,4,20250318,A00307,2,29,4500
129,19,4,20250130,A00116,23,24,2500
32,15,5,20251118,A01333,33,23,3500
66,10,2,20250514,A00539,11,24,3000
180,3,3,20251218,A01452,94,34,3500
266,4,1,20250215,A00176,55,14,3000
80,15,5,20250820,A00984,10,30,3500
64,10,2,20250517,A00555,26,12,3000
91,19,4,20250531,A00612,37,18,2500
239,15,5,20251113,A01312,1,22,3500
275,20,5,20250405,A00392,42,35,4500
28,9,4,20250424,A00460,9,22,3500
88,5,5,20250701,A00757,19,31,4000
140,12,2,20250520,A00567,1,24,5000
51,13,5,20250328,A00352,11,32,2500
193,4,1,20250915,A01086,0,20,3000
101,17,2,20251203,A01393,62,8,4000
71,18,3,20250519,A00560,64,21,5000
127,20,5,20250531,A00616,79,21,4500
129,4,1,20250602,A00619,53,18,3000
102,6,1,20250319,A00309,15,29,5000
243,17,2,20250301,A00237,38,35,4000
202,3,3,20250503,A00493,22,35,3500
120,2,2,20250507,A00508,23,31,4500
6,19,1,20251021,A01224,39,35,2500
179,6,1,20251203,A01392,5,9,5000
235,8,3,20250828,A01016,75,19,4500
90,16,1,20250507,A00507,3,12,3000
54,1,1,20251211,A01425,17,8,2500
146,1,3,20251119,A01336,35,30,2500
13,14,4,20250103,A00014,76,27,4500
187,16,1,20250728,A00880,24,8,3000
264,16,1,20250606,A00643,0,25,3000
273,10,5,20250421,A00445,19,8,3000
39,13,5,20250707,A00785,91,31,2500
298,10,5,20250729,A00887,13,17,3000
197,17,2,20250707,A00783,33,24,4000
189,9,4,20250522,A00581,27,8,3500
15,11,1,20251216,A01442,56,31,4000
55,3,3,20250214,A00171,35,31,3500
187,16,1,20250905,A01046,18,17,3000
139,8,3,20250606,A00645,47,8,4500
274,13,3,20250702,A00760,5,24,2500
132,9,4,20250825,A01001,25,23,3500
113,15,5,20250919,A01111,88,13,3500
21,5,5,20250319,A00313,0,18,4000
219,14,4,20250527,A00602,34,27,4500
226,15,5,20250714,A00820,20,14,3500
133,1,1,20250331,A00358,8,33,2500
52,4,4,20250708,A00791,13,23,3000
127,12,2,20250913,A01082,7,16,5000
141,9,4,20250523,A00587,5,31,3500
25,7,2,20250729,A00884,32,32,2500
192,12,2,20251110,A01298,0,26,5000
38,19,1,20250331,A00359,55,16,2500
48,10,5,20250315,A00295,75,28,3000
129,13,5,20250110,A00037,54,26,2500
207,11,1,20251010,A01175,3,12,4000
43,18,3,20250403,A00381,24,35,5000
246,4,4,20250217,A00180,77,32,3000
207,8,3,20250927,A01133,31,11,4500
108,17,2,20250318,A00304,4,11,4000
80,15,5,20251006,A01164,3,10,3500
197,8,3,20250328,A00349,33,19,4500
280,18,3,20251118,A01330,10,33,5000
208,18,3,20250403,A00382,12,29,5000
199,1,1,20250918,A01103,24,29,2500
100,20,5,20250331,A00363,22,28,4500
254,19,4,20250903,A01037,24,18,2500
57,20,5,20250826,A01008,19,21,4500
53,12,2,20250917,A01099,7,19,5000
48,3,3,20251222,A01465,7,29,3500
225,16,3,20250416,A00426,1,23,3000
299,6,1,20250407,A00393,18,34,5000
258,3,3,20250722,A00857,24,24,3500
213,18,3,20250430,A00484,9,16,5000
16,20,5,20250528,A00607,0,33,4500
193,4,1,20250123,A00079,45,12,3000
28,7,4,20250429,A00478,6,16,2500
79,10,5,20251114,A01318,40,20,3000
218,7,4,20250221,A00196,47,11,2500
1,18,3,20250725,A00872,22,19,5000
3,20,5,20250505,A00499,14,34,4500
79,4,4,20250510,A00525,75,25,3000
126,5,5,20250619,A00713,0,18,4000
271,10,5,20250505,A00498,15,14,3000
34,1,1,20250326,A00337,36,20,2500
49,7,4,20250811,A00940,0,33,2500
144,18,3,20250812,A00944,53,26,5000
276,9,4,20251104,A01277,20,33,3500
74,2,2,20250807,A00919,29,24,4500
54,11,1,20251103,A01269,20,25,4000
73,19,1,20250411,A00406,48,18,2500
76,5,5,20250219,A00189,39,17,4000
171,5,5,20250329,A00356,10,11,4000
53,13,3,20250719,A00846,54,32,2500
69,5,5,20250818,A00971,76,28,4000
298,15,5,20251117,A01324,96,13,3500
106,19,1,20251211,A01426,10,25,2500
49,8,3,20250708,A00789,63,23,4500
103,19,4,20250224,A00210,56,23,2500
157,4,1,20250818,A00964,18,25,3000
48,15,5,20250927,A01136,3,11,3500
94,19,1,20250203,A00125,16,25,2500
21,20,5,20250514,A00543,3,35,4500
158,5,5,20250429,A00479,40,26,4000
193,10,2,20250224,A00205,37,9,3000
266,15,5,20250327,A00347,16,28,3500
17,4,4,20250204,A00131,17,27,3000
219,2,2,20250906,A01055,153,26,4500
293,11,1,20250913,A01080,36,13,4000
215,9,4,20250602,A00622,11,18,3500
35,15,5,20250618,A00707,13,21,3500
210,16,3,20250224,A00206,17,34,3000
206,17,2,20250619,A00710,24,23,4000
106,17,2,20250507,A00509,132,32,4000
206,5,5,20250118,A00061,14,32,4000
51,8,3,20250324,A00329,33,31,4500
114,9,4,20250221,A00197,30,16,3500
245,19,4,20251017,A01205,43,11,2500
104,3,3,20251225,A01477,13,14,3500
279,11,1,20250905,A01044,16,23,4000
105,4,4,20251112,A01309,27,25,3000
49,6,1,20251027,A01243,11,22,5000
27,13,3,20250319,A00310,58,16,2500
113,18,3,20251106,A01285,32,23,5000
18,8,3,20250414,A00416,40,19,4500
235,9,4,20250327,A00345,36,12,3500
178,20,5,20250308,A00269,13,23,4500
233,13,3,20250707,A00784,34,12,2500
222,19,1,20250127,A00095,0,13,2500
296,9,4,20250902,A01033,3,15,3500
149,10,5,20251202,A01390,10,24,3000
38,8,3,20251222,A01466,13,32,4500
207,2,2,20250116,A00054,2,12,4500
156,6,1,20250510,A00522,3,18,5000
9,15,5,20250120,A00065,77,29,3500
85,15,5,20250506,A00504,15,15,3500
127,8,3,20250610,A00662,17,29,4500
289,20,5,20251110,A01300,25,20,4500
13,5,5,20250526,A00598,27,29,4000
24,17,2,20251127,A01372,29,32,4000
174,2,2,20250922,A01114,33,8,4500
205,12,2,20250501,A00486,38,22,5000
290,8,3,20250428,A00472,25,22,4500
104,16,1,20250603,A00623,130,33,3000
4,5,5,20250618,A00705,3,13,4000
76,18,3,20250604,A00635,1,10,5000
264,10,2,20250729,A00886,50,9,3000
150,16,1,20250901,A01026,21,35,3000
199,20,5,20250603,A00630,16,22,4500
120,7,4,20251111,A01303,8,21,2500
79,16,3,20250913,A01084,23,19,3000
190,18,3,20250723,A00863,1,10,5000
185,19,1,20250217,A00178,28,34,2500
282,8,3,20251218,A01453,26,29,4500
234,20,5,20250509,A00521,45,9,4500
80,5,5,20251211,A01429,108,22,4000
148,20,5,20250531,A00617,59,29,4500
146,14,4,20250212,A00163,36,17,4500
257,5,5,20250208,A00151,6,13,4000
201,14,4,20250705,A00778,11,35,4500
46,10,5,20250129,A00106,28,30,3000
25,12,2,20250301,A00235,19,17,5000
188,9,4,20250926,A01129,1,13,3500
102,13,5,20250805,A00911,180,35,2500
191,1,1,20250520,A00562,27,32,2500
229,15,5,20250825,A01002,23,31,3500
125,12,2,20250616,A00691,2,11,5000
48,10,2,20251113,A01310,17,20,3000
